,Year,Occurrences,species,kingdom,Genus,Family,country,records,Publishing_country
0,1970,0,"Apus affinis (J.E.Gray, 1830)",Animalia,Apus,Apodidae,Spain,HUMAN_OBSERVATION,ES
1,1971,0,"Apus affinis (J.E.Gray, 1830)",Animalia,Apus,Apodidae,Spain,HUMAN_OBSERVATION,ES
2,1972,0,"Apus affinis (J.E.Gray, 1830)",Animalia,Apus,Apodidae,Spain,HUMAN_OBSERVATION,ES
3,1973,0,"Apus affinis (J.E.Gray, 1830)",Animalia,Apus,Apodidae,Spain,HUMAN_OBSERVATION,ES
4,1974,0,"Apus affinis (J.E.Gray, 1830)",Animalia,Apus,Apodidae,Spain,HUMAN_OBSERVATION,ES
5,1975,0,"Apus affinis (J.E.Gray, 1830)",Animalia,Apus,Apodidae,Spain,HUMAN_OBSERVATION,ES
6,1976,0,"Apus affinis (J.E.Gray, 1830)",Animalia,Apus,Apodidae,Spain,HUMAN_OBSERVATION,ES
7,1977,0,"Apus affinis (J.E.Gray, 1830)",Animalia,Apus,Apodidae,Spain,HUMAN_OBSERVATION,ES
8,1978,0,"Apus affinis (J.E.Gray, 1830)",Animalia,Apus,Apodidae,Spain,HUMAN_OBSERVATION,ES
9,1979,0,"Apus affinis (J.E.Gray, 1830)",Animalia,Apus,Apodidae,Spain,HUMAN_OBSERVATION,ES
10,1980,0,"Apus affinis (J.E.Gray, 1830)",Animalia,Apus,Apodidae,Spain,HUMAN_OBSERVATION,ES
11,1981,0,"Apus affinis (J.E.Gray, 1830)",Animalia,Apus,Apodidae,Spain,HUMAN_OBSERVATION,ES
12,1982,0,"Apus affinis (J.E.Gray, 1830)",Animalia,Apus,Apodidae,Spain,HUMAN_OBSERVATION,ES
13,1983,0,"Apus affinis (J.E.Gray, 1830)",Animalia,Apus,Apodidae,Spain,HUMAN_OBSERVATION,ES
14,1984,0,"Apus affinis (J.E.Gray, 1830)",Animalia,Apus,Apodidae,Spain,HUMAN_OBSERVATION,ES
15,1985,0,"Apus affinis (J.E.Gray, 1830)",Animalia,Apus,Apodidae,Spain,HUMAN_OBSERVATION,ES
16,1986,0,"Apus affinis (J.E.Gray, 1830)",Animalia,Apus,Apodidae,Spain,HUMAN_OBSERVATION,ES
17,1987,0,"Apus affinis (J.E.Gray, 1830)",Animalia,Apus,Apodidae,Spain,HUMAN_OBSERVATION,ES
18,1988,0,"Apus affinis (J.E.Gray, 1830)",Animalia,Apus,Apodidae,Spain,HUMAN_OBSERVATION,ES
19,1989,0,"Apus affinis (J.E.Gray, 1830)",Animalia,Apus,Apodidae,Spain,HUMAN_OBSERVATION,ES
20,1990,0,"Apus affinis (J.E.Gray, 1830)",Animalia,Apus,Apodidae,Spain,HUMAN_OBSERVATION,ES
21,1991,0,"Apus affinis (J.E.Gray, 1830)",Animalia,Apus,Apodidae,Spain,HUMAN_OBSERVATION,ES
22,1992,3,"Apus affinis (J.E.Gray, 1830)",Animalia,Apus,Apodidae,Spain,HUMAN_OBSERVATION,ES
23,1993,0,"Apus affinis (J.E.Gray, 1830)",Animalia,Apus,Apodidae,Spain,HUMAN_OBSERVATION,ES
24,1994,0,"Apus affinis (J.E.Gray, 1830)",Animalia,Apus,Apodidae,Spain,HUMAN_OBSERVATION,ES
25,1995,0,"Apus affinis (J.E.Gray, 1830)",Animalia,Apus,Apodidae,Spain,HUMAN_OBSERVATION,ES
26,1996,1,"Apus affinis (J.E.Gray, 1830)",Animalia,Apus,Apodidae,Spain,HUMAN_OBSERVATION,ES
27,1997,0,"Apus affinis (J.E.Gray, 1830)",Animalia,Apus,Apodidae,Spain,HUMAN_OBSERVATION,ES
28,1998,1,"Apus affinis (J.E.Gray, 1830)",Animalia,Apus,Apodidae,Spain,HUMAN_OBSERVATION,ES
29,1999,3,"Apus affinis (J.E.Gray, 1830)",Animalia,Apus,Apodidae,Spain,HUMAN_OBSERVATION,ES
30,2000,3,"Apus affinis (J.E.Gray, 1830)",Animalia,Apus,Apodidae,Spain,HUMAN_OBSERVATION,ES
31,2001,0,"Apus affinis (J.E.Gray, 1830)",Animalia,Apus,Apodidae,Spain,HUMAN_OBSERVATION,ES
32,2002,5,"Apus affinis (J.E.Gray, 1830)",Animalia,Apus,Apodidae,Spain,HUMAN_OBSERVATION,ES
33,2003,1,"Apus affinis (J.E.Gray, 1830)",Animalia,Apus,Apodidae,Spain,HUMAN_OBSERVATION,ES
34,2004,6,"Apus affinis (J.E.Gray, 1830)",Animalia,Apus,Apodidae,Spain,HUMAN_OBSERVATION,ES
35,2005,3,"Apus affinis (J.E.Gray, 1830)",Animalia,Apus,Apodidae,Spain,HUMAN_OBSERVATION,ES
36,2006,8,"Apus affinis (J.E.Gray, 1830)",Animalia,Apus,Apodidae,Spain,HUMAN_OBSERVATION,ES
37,2007,20,"Apus affinis (J.E.Gray, 1830)",Animalia,Apus,Apodidae,Spain,HUMAN_OBSERVATION,ES
38,2008,23,"Apus affinis (J.E.Gray, 1830)",Animalia,Apus,Apodidae,Spain,HUMAN_OBSERVATION,ES
39,2009,18,"Apus affinis (J.E.Gray, 1830)",Animalia,Apus,Apodidae,Spain,HUMAN_OBSERVATION,ES
40,2010,51,"Apus affinis (J.E.Gray, 1830)",Animalia,Apus,Apodidae,Spain,HUMAN_OBSERVATION,ES
41,2011,75,"Apus affinis (J.E.Gray, 1830)",Animalia,Apus,Apodidae,Spain,HUMAN_OBSERVATION,ES
42,2012,39,"Apus affinis (J.E.Gray, 1830)",Animalia,Apus,Apodidae,Spain,HUMAN_OBSERVATION,ES
43,2013,75,"Apus affinis (J.E.Gray, 1830)",Animalia,Apus,Apodidae,Spain,HUMAN_OBSERVATION,ES
44,2014,62,"Apus affinis (J.E.Gray, 1830)",Animalia,Apus,Apodidae,Spain,HUMAN_OBSERVATION,ES
45,2015,74,"Apus affinis (J.E.Gray, 1830)",Animalia,Apus,Apodidae,Spain,HUMAN_OBSERVATION,ES
46,2016,131,"Apus affinis (J.E.Gray, 1830)",Animalia,Apus,Apodidae,Spain,HUMAN_OBSERVATION,ES
47,2017,183,"Apus affinis (J.E.Gray, 1830)",Animalia,Apus,Apodidae,Spain,HUMAN_OBSERVATION,ES
48,2018,206,"Apus affinis (J.E.Gray, 1830)",Animalia,Apus,Apodidae,Spain,HUMAN_OBSERVATION,ES
49,2019,177,"Apus affinis (J.E.Gray, 1830)",Animalia,Apus,Apodidae,Spain,HUMAN_OBSERVATION,ES
50,1970,0,"Apus caffer (Lichtenstein, 1823)",Animalia,Apus,Apodidae,Spain,HUMAN_OBSERVATION,ES
51,1971,0,"Apus caffer (Lichtenstein, 1823)",Animalia,Apus,Apodidae,Spain,HUMAN_OBSERVATION,ES
52,1972,0,"Apus caffer (Lichtenstein, 1823)",Animalia,Apus,Apodidae,Spain,HUMAN_OBSERVATION,ES
53,1973,0,"Apus caffer (Lichtenstein, 1823)",Animalia,Apus,Apodidae,Spain,HUMAN_OBSERVATION,ES
54,1974,0,"Apus caffer (Lichtenstein, 1823)",Animalia,Apus,Apodidae,Spain,HUMAN_OBSERVATION,ES
55,1975,0,"Apus caffer (Lichtenstein, 1823)",Animalia,Apus,Apodidae,Spain,HUMAN_OBSERVATION,ES
56,1976,0,"Apus caffer (Lichtenstein, 1823)",Animalia,Apus,Apodidae,Spain,HUMAN_OBSERVATION,ES
57,1977,1,"Apus caffer (Lichtenstein, 1823)",Animalia,Apus,Apodidae,Spain,HUMAN_OBSERVATION,ES
58,1978,0,"Apus caffer (Lichtenstein, 1823)",Animalia,Apus,Apodidae,Spain,HUMAN_OBSERVATION,ES
59,1979,0,"Apus caffer (Lichtenstein, 1823)",Animalia,Apus,Apodidae,Spain,HUMAN_OBSERVATION,ES
60,1980,3,"Apus caffer (Lichtenstein, 1823)",Animalia,Apus,Apodidae,Spain,HUMAN_OBSERVATION,ES
61,1981,6,"Apus caffer (Lichtenstein, 1823)",Animalia,Apus,Apodidae,Spain,HUMAN_OBSERVATION,ES
62,1982,1,"Apus caffer (Lichtenstein, 1823)",Animalia,Apus,Apodidae,Spain,HUMAN_OBSERVATION,ES
63,1983,3,"Apus caffer (Lichtenstein, 1823)",Animalia,Apus,Apodidae,Spain,HUMAN_OBSERVATION,ES
64,1984,1,"Apus caffer (Lichtenstein, 1823)",Animalia,Apus,Apodidae,Spain,HUMAN_OBSERVATION,ES
65,1985,1,"Apus caffer (Lichtenstein, 1823)",Animalia,Apus,Apodidae,Spain,HUMAN_OBSERVATION,ES
66,1986,1,"Apus caffer (Lichtenstein, 1823)",Animalia,Apus,Apodidae,Spain,HUMAN_OBSERVATION,ES
67,1987,2,"Apus caffer (Lichtenstein, 1823)",Animalia,Apus,Apodidae,Spain,HUMAN_OBSERVATION,ES
68,1988,1,"Apus caffer (Lichtenstein, 1823)",Animalia,Apus,Apodidae,Spain,HUMAN_OBSERVATION,ES
69,1989,0,"Apus caffer (Lichtenstein, 1823)",Animalia,Apus,Apodidae,Spain,HUMAN_OBSERVATION,ES
70,1990,2,"Apus caffer (Lichtenstein, 1823)",Animalia,Apus,Apodidae,Spain,HUMAN_OBSERVATION,ES
71,1991,12,"Apus caffer (Lichtenstein, 1823)",Animalia,Apus,Apodidae,Spain,HUMAN_OBSERVATION,ES
72,1992,25,"Apus caffer (Lichtenstein, 1823)",Animalia,Apus,Apodidae,Spain,HUMAN_OBSERVATION,ES
73,1993,7,"Apus caffer (Lichtenstein, 1823)",Animalia,Apus,Apodidae,Spain,HUMAN_OBSERVATION,ES
74,1994,3,"Apus caffer (Lichtenstein, 1823)",Animalia,Apus,Apodidae,Spain,HUMAN_OBSERVATION,ES
75,1995,1,"Apus caffer (Lichtenstein, 1823)",Animalia,Apus,Apodidae,Spain,HUMAN_OBSERVATION,ES
76,1996,12,"Apus caffer (Lichtenstein, 1823)",Animalia,Apus,Apodidae,Spain,HUMAN_OBSERVATION,ES
77,1997,2,"Apus caffer (Lichtenstein, 1823)",Animalia,Apus,Apodidae,Spain,HUMAN_OBSERVATION,ES
78,1998,3,"Apus caffer (Lichtenstein, 1823)",Animalia,Apus,Apodidae,Spain,HUMAN_OBSERVATION,ES
79,1999,8,"Apus caffer (Lichtenstein, 1823)",Animalia,Apus,Apodidae,Spain,HUMAN_OBSERVATION,ES
80,2000,9,"Apus caffer (Lichtenstein, 1823)",Animalia,Apus,Apodidae,Spain,HUMAN_OBSERVATION,ES
81,2001,8,"Apus caffer (Lichtenstein, 1823)",Animalia,Apus,Apodidae,Spain,HUMAN_OBSERVATION,ES
82,2002,11,"Apus caffer (Lichtenstein, 1823)",Animalia,Apus,Apodidae,Spain,HUMAN_OBSERVATION,ES
83,2003,5,"Apus caffer (Lichtenstein, 1823)",Animalia,Apus,Apodidae,Spain,HUMAN_OBSERVATION,ES
84,2004,10,"Apus caffer (Lichtenstein, 1823)",Animalia,Apus,Apodidae,Spain,HUMAN_OBSERVATION,ES
85,2005,13,"Apus caffer (Lichtenstein, 1823)",Animalia,Apus,Apodidae,Spain,HUMAN_OBSERVATION,ES
86,2006,12,"Apus caffer (Lichtenstein, 1823)",Animalia,Apus,Apodidae,Spain,HUMAN_OBSERVATION,ES
87,2007,73,"Apus caffer (Lichtenstein, 1823)",Animalia,Apus,Apodidae,Spain,HUMAN_OBSERVATION,ES
88,2008,20,"Apus caffer (Lichtenstein, 1823)",Animalia,Apus,Apodidae,Spain,HUMAN_OBSERVATION,ES
89,2009,46,"Apus caffer (Lichtenstein, 1823)",Animalia,Apus,Apodidae,Spain,HUMAN_OBSERVATION,ES
90,2010,31,"Apus caffer (Lichtenstein, 1823)",Animalia,Apus,Apodidae,Spain,HUMAN_OBSERVATION,ES
91,2011,56,"Apus caffer (Lichtenstein, 1823)",Animalia,Apus,Apodidae,Spain,HUMAN_OBSERVATION,ES
92,2012,46,"Apus caffer (Lichtenstein, 1823)",Animalia,Apus,Apodidae,Spain,HUMAN_OBSERVATION,ES
93,2013,66,"Apus caffer (Lichtenstein, 1823)",Animalia,Apus,Apodidae,Spain,HUMAN_OBSERVATION,ES
94,2014,75,"Apus caffer (Lichtenstein, 1823)",Animalia,Apus,Apodidae,Spain,HUMAN_OBSERVATION,ES
95,2015,74,"Apus caffer (Lichtenstein, 1823)",Animalia,Apus,Apodidae,Spain,HUMAN_OBSERVATION,ES
96,2016,165,"Apus caffer (Lichtenstein, 1823)",Animalia,Apus,Apodidae,Spain,HUMAN_OBSERVATION,ES
97,2017,165,"Apus caffer (Lichtenstein, 1823)",Animalia,Apus,Apodidae,Spain,HUMAN_OBSERVATION,ES
98,2018,257,"Apus caffer (Lichtenstein, 1823)",Animalia,Apus,Apodidae,Spain,HUMAN_OBSERVATION,ES
99,2019,169,"Apus caffer (Lichtenstein, 1823)",Animalia,Apus,Apodidae,Spain,HUMAN_OBSERVATION,ES
100,1970,6,Silene ciliata Pourr.,Plantae,Silene,Caryophyllaceae,Spain,HUMAN_OBSERVATION,FR
101,1971,1,Silene ciliata Pourr.,Plantae,Silene,Caryophyllaceae,Spain,HUMAN_OBSERVATION,FR
102,1972,5,Silene ciliata Pourr.,Plantae,Silene,Caryophyllaceae,Spain,HUMAN_OBSERVATION,FR
103,1973,9,Silene ciliata Pourr.,Plantae,Silene,Caryophyllaceae,Spain,HUMAN_OBSERVATION,FR
104,1974,6,Silene ciliata Pourr.,Plantae,Silene,Caryophyllaceae,Spain,HUMAN_OBSERVATION,FR
105,1975,7,Silene ciliata Pourr.,Plantae,Silene,Caryophyllaceae,Spain,HUMAN_OBSERVATION,FR
106,1976,9,Silene ciliata Pourr.,Plantae,Silene,Caryophyllaceae,Spain,HUMAN_OBSERVATION,FR
107,1977,23,Silene ciliata Pourr.,Plantae,Silene,Caryophyllaceae,Spain,HUMAN_OBSERVATION,FR
108,1978,15,Silene ciliata Pourr.,Plantae,Silene,Caryophyllaceae,Spain,HUMAN_OBSERVATION,FR
109,1979,7,Silene ciliata Pourr.,Plantae,Silene,Caryophyllaceae,Spain,HUMAN_OBSERVATION,FR
110,1980,3,Silene ciliata Pourr.,Plantae,Silene,Caryophyllaceae,Spain,HUMAN_OBSERVATION,FR
111,1981,15,Silene ciliata Pourr.,Plantae,Silene,Caryophyllaceae,Spain,HUMAN_OBSERVATION,FR
112,1982,41,Silene ciliata Pourr.,Plantae,Silene,Caryophyllaceae,Spain,HUMAN_OBSERVATION,FR
113,1983,26,Silene ciliata Pourr.,Plantae,Silene,Caryophyllaceae,Spain,HUMAN_OBSERVATION,FR
114,1984,20,Silene ciliata Pourr.,Plantae,Silene,Caryophyllaceae,Spain,HUMAN_OBSERVATION,FR
115,1985,14,Silene ciliata Pourr.,Plantae,Silene,Caryophyllaceae,Spain,HUMAN_OBSERVATION,FR
116,1986,23,Silene ciliata Pourr.,Plantae,Silene,Caryophyllaceae,Spain,HUMAN_OBSERVATION,FR
117,1987,17,Silene ciliata Pourr.,Plantae,Silene,Caryophyllaceae,Spain,HUMAN_OBSERVATION,FR
118,1988,15,Silene ciliata Pourr.,Plantae,Silene,Caryophyllaceae,Spain,HUMAN_OBSERVATION,FR
119,1989,23,Silene ciliata Pourr.,Plantae,Silene,Caryophyllaceae,Spain,HUMAN_OBSERVATION,FR
120,1990,5,Silene ciliata Pourr.,Plantae,Silene,Caryophyllaceae,Spain,HUMAN_OBSERVATION,FR
121,1991,6,Silene ciliata Pourr.,Plantae,Silene,Caryophyllaceae,Spain,HUMAN_OBSERVATION,FR
122,1992,11,Silene ciliata Pourr.,Plantae,Silene,Caryophyllaceae,Spain,HUMAN_OBSERVATION,FR
123,1993,5,Silene ciliata Pourr.,Plantae,Silene,Caryophyllaceae,Spain,HUMAN_OBSERVATION,FR
124,1994,5,Silene ciliata Pourr.,Plantae,Silene,Caryophyllaceae,Spain,HUMAN_OBSERVATION,FR
125,1995,16,Silene ciliata Pourr.,Plantae,Silene,Caryophyllaceae,Spain,HUMAN_OBSERVATION,FR
126,1996,12,Silene ciliata Pourr.,Plantae,Silene,Caryophyllaceae,Spain,HUMAN_OBSERVATION,FR
127,1997,11,Silene ciliata Pourr.,Plantae,Silene,Caryophyllaceae,Spain,HUMAN_OBSERVATION,FR
128,1998,10,Silene ciliata Pourr.,Plantae,Silene,Caryophyllaceae,Spain,HUMAN_OBSERVATION,FR
129,1999,13,Silene ciliata Pourr.,Plantae,Silene,Caryophyllaceae,Spain,HUMAN_OBSERVATION,FR
130,2000,3,Silene ciliata Pourr.,Plantae,Silene,Caryophyllaceae,Spain,HUMAN_OBSERVATION,FR
131,2001,4,Silene ciliata Pourr.,Plantae,Silene,Caryophyllaceae,Spain,HUMAN_OBSERVATION,FR
132,2002,6,Silene ciliata Pourr.,Plantae,Silene,Caryophyllaceae,Spain,HUMAN_OBSERVATION,FR
133,2003,9,Silene ciliata Pourr.,Plantae,Silene,Caryophyllaceae,Spain,HUMAN_OBSERVATION,FR
134,2004,20,Silene ciliata Pourr.,Plantae,Silene,Caryophyllaceae,Spain,HUMAN_OBSERVATION,FR
135,2005,4,Silene ciliata Pourr.,Plantae,Silene,Caryophyllaceae,Spain,HUMAN_OBSERVATION,FR
136,2006,9,Silene ciliata Pourr.,Plantae,Silene,Caryophyllaceae,Spain,HUMAN_OBSERVATION,FR
137,2007,10,Silene ciliata Pourr.,Plantae,Silene,Caryophyllaceae,Spain,HUMAN_OBSERVATION,FR
138,2008,3,Silene ciliata Pourr.,Plantae,Silene,Caryophyllaceae,Spain,HUMAN_OBSERVATION,FR
139,2009,2,Silene ciliata Pourr.,Plantae,Silene,Caryophyllaceae,Spain,HUMAN_OBSERVATION,FR
140,2010,7,Silene ciliata Pourr.,Plantae,Silene,Caryophyllaceae,Spain,HUMAN_OBSERVATION,FR
141,2011,3,Silene ciliata Pourr.,Plantae,Silene,Caryophyllaceae,Spain,HUMAN_OBSERVATION,FR
142,2012,20,Silene ciliata Pourr.,Plantae,Silene,Caryophyllaceae,Spain,HUMAN_OBSERVATION,FR
143,2013,2,Silene ciliata Pourr.,Plantae,Silene,Caryophyllaceae,Spain,HUMAN_OBSERVATION,FR
144,2014,0,Silene ciliata Pourr.,Plantae,Silene,Caryophyllaceae,Spain,HUMAN_OBSERVATION,FR
145,2015,2,Silene ciliata Pourr.,Plantae,Silene,Caryophyllaceae,Spain,HUMAN_OBSERVATION,FR
146,2016,3,Silene ciliata Pourr.,Plantae,Silene,Caryophyllaceae,Spain,HUMAN_OBSERVATION,FR
147,2017,3,Silene ciliata Pourr.,Plantae,Silene,Caryophyllaceae,Spain,HUMAN_OBSERVATION,FR
148,2018,8,Silene ciliata Pourr.,Plantae,Silene,Caryophyllaceae,Spain,HUMAN_OBSERVATION,FR
149,2019,1,Silene ciliata Pourr.,Plantae,Silene,Caryophyllaceae,Spain,HUMAN_OBSERVATION,FR
150,1970,0,Abies pinsapo Boiss.,Plantae,Abies,Pinaceae,Spain,HUMAN_OBSERVATION,NL
151,1971,1,Abies pinsapo Boiss.,Plantae,Abies,Pinaceae,Spain,HUMAN_OBSERVATION,NL
152,1972,3,Abies pinsapo Boiss.,Plantae,Abies,Pinaceae,Spain,HUMAN_OBSERVATION,NL
153,1973,3,Abies pinsapo Boiss.,Plantae,Abies,Pinaceae,Spain,HUMAN_OBSERVATION,NL
154,1974,2,Abies pinsapo Boiss.,Plantae,Abies,Pinaceae,Spain,HUMAN_OBSERVATION,NL
155,1975,10,Abies pinsapo Boiss.,Plantae,Abies,Pinaceae,Spain,HUMAN_OBSERVATION,NL
156,1976,5,Abies pinsapo Boiss.,Plantae,Abies,Pinaceae,Spain,HUMAN_OBSERVATION,NL
157,1977,1,Abies pinsapo Boiss.,Plantae,Abies,Pinaceae,Spain,HUMAN_OBSERVATION,NL
158,1978,1,Abies pinsapo Boiss.,Plantae,Abies,Pinaceae,Spain,HUMAN_OBSERVATION,NL
159,1979,4,Abies pinsapo Boiss.,Plantae,Abies,Pinaceae,Spain,HUMAN_OBSERVATION,NL
160,1980,3,Abies pinsapo Boiss.,Plantae,Abies,Pinaceae,Spain,HUMAN_OBSERVATION,NL
161,1981,32,Abies pinsapo Boiss.,Plantae,Abies,Pinaceae,Spain,HUMAN_OBSERVATION,NL
162,1982,6,Abies pinsapo Boiss.,Plantae,Abies,Pinaceae,Spain,HUMAN_OBSERVATION,NL
163,1983,16,Abies pinsapo Boiss.,Plantae,Abies,Pinaceae,Spain,HUMAN_OBSERVATION,NL
164,1984,6,Abies pinsapo Boiss.,Plantae,Abies,Pinaceae,Spain,HUMAN_OBSERVATION,NL
165,1985,1,Abies pinsapo Boiss.,Plantae,Abies,Pinaceae,Spain,HUMAN_OBSERVATION,NL
166,1986,7,Abies pinsapo Boiss.,Plantae,Abies,Pinaceae,Spain,HUMAN_OBSERVATION,NL
167,1987,1,Abies pinsapo Boiss.,Plantae,Abies,Pinaceae,Spain,HUMAN_OBSERVATION,NL
168,1988,14,Abies pinsapo Boiss.,Plantae,Abies,Pinaceae,Spain,HUMAN_OBSERVATION,NL
169,1989,7,Abies pinsapo Boiss.,Plantae,Abies,Pinaceae,Spain,HUMAN_OBSERVATION,NL
170,1990,2,Abies pinsapo Boiss.,Plantae,Abies,Pinaceae,Spain,HUMAN_OBSERVATION,NL
171,1991,25,Abies pinsapo Boiss.,Plantae,Abies,Pinaceae,Spain,HUMAN_OBSERVATION,NL
172,1992,78,Abies pinsapo Boiss.,Plantae,Abies,Pinaceae,Spain,HUMAN_OBSERVATION,NL
173,1993,2,Abies pinsapo Boiss.,Plantae,Abies,Pinaceae,Spain,HUMAN_OBSERVATION,NL
174,1994,5,Abies pinsapo Boiss.,Plantae,Abies,Pinaceae,Spain,HUMAN_OBSERVATION,NL
175,1995,12,Abies pinsapo Boiss.,Plantae,Abies,Pinaceae,Spain,HUMAN_OBSERVATION,NL
176,1996,11,Abies pinsapo Boiss.,Plantae,Abies,Pinaceae,Spain,HUMAN_OBSERVATION,NL
177,1997,58,Abies pinsapo Boiss.,Plantae,Abies,Pinaceae,Spain,HUMAN_OBSERVATION,NL
178,1998,12,Abies pinsapo Boiss.,Plantae,Abies,Pinaceae,Spain,HUMAN_OBSERVATION,NL
179,1999,0,Abies pinsapo Boiss.,Plantae,Abies,Pinaceae,Spain,HUMAN_OBSERVATION,NL
180,2000,3,Abies pinsapo Boiss.,Plantae,Abies,Pinaceae,Spain,HUMAN_OBSERVATION,NL
181,2001,4,Abies pinsapo Boiss.,Plantae,Abies,Pinaceae,Spain,HUMAN_OBSERVATION,NL
182,2002,20,Abies pinsapo Boiss.,Plantae,Abies,Pinaceae,Spain,HUMAN_OBSERVATION,NL
183,2003,3,Abies pinsapo Boiss.,Plantae,Abies,Pinaceae,Spain,HUMAN_OBSERVATION,NL
184,2004,1,Abies pinsapo Boiss.,Plantae,Abies,Pinaceae,Spain,HUMAN_OBSERVATION,NL
185,2005,11,Abies pinsapo Boiss.,Plantae,Abies,Pinaceae,Spain,HUMAN_OBSERVATION,NL
186,2006,9,Abies pinsapo Boiss.,Plantae,Abies,Pinaceae,Spain,HUMAN_OBSERVATION,NL
187,2007,14,Abies pinsapo Boiss.,Plantae,Abies,Pinaceae,Spain,HUMAN_OBSERVATION,NL
188,2008,2,Abies pinsapo Boiss.,Plantae,Abies,Pinaceae,Spain,HUMAN_OBSERVATION,NL
189,2009,1,Abies pinsapo Boiss.,Plantae,Abies,Pinaceae,Spain,HUMAN_OBSERVATION,NL
190,2010,3,Abies pinsapo Boiss.,Plantae,Abies,Pinaceae,Spain,HUMAN_OBSERVATION,NL
191,2011,2,Abies pinsapo Boiss.,Plantae,Abies,Pinaceae,Spain,HUMAN_OBSERVATION,NL
192,2012,10,Abies pinsapo Boiss.,Plantae,Abies,Pinaceae,Spain,HUMAN_OBSERVATION,NL
193,2013,5,Abies pinsapo Boiss.,Plantae,Abies,Pinaceae,Spain,HUMAN_OBSERVATION,NL
194,2014,13,Abies pinsapo Boiss.,Plantae,Abies,Pinaceae,Spain,HUMAN_OBSERVATION,NL
195,2015,8,Abies pinsapo Boiss.,Plantae,Abies,Pinaceae,Spain,HUMAN_OBSERVATION,NL
196,2016,10,Abies pinsapo Boiss.,Plantae,Abies,Pinaceae,Spain,HUMAN_OBSERVATION,NL
197,2017,6,Abies pinsapo Boiss.,Plantae,Abies,Pinaceae,Spain,HUMAN_OBSERVATION,NL
198,2018,31,Abies pinsapo Boiss.,Plantae,Abies,Pinaceae,Spain,HUMAN_OBSERVATION,NL
199,2019,102,Abies pinsapo Boiss.,Plantae,Abies,Pinaceae,Spain,HUMAN_OBSERVATION,NL
200,1970,23,"Ciconia ciconia (Linnaeus, 1758)",Animalia,Ciconia,Ciconiidae,Spain,HUMAN_OBSERVATION,ES
201,1971,13,"Ciconia ciconia (Linnaeus, 1758)",Animalia,Ciconia,Ciconiidae,Spain,HUMAN_OBSERVATION,ES
202,1972,33,"Ciconia ciconia (Linnaeus, 1758)",Animalia,Ciconia,Ciconiidae,Spain,HUMAN_OBSERVATION,ES
203,1973,36,"Ciconia ciconia (Linnaeus, 1758)",Animalia,Ciconia,Ciconiidae,Spain,HUMAN_OBSERVATION,ES
204,1974,51,"Ciconia ciconia (Linnaeus, 1758)",Animalia,Ciconia,Ciconiidae,Spain,HUMAN_OBSERVATION,ES
205,1975,47,"Ciconia ciconia (Linnaeus, 1758)",Animalia,Ciconia,Ciconiidae,Spain,HUMAN_OBSERVATION,ES
206,1976,397,"Ciconia ciconia (Linnaeus, 1758)",Animalia,Ciconia,Ciconiidae,Spain,HUMAN_OBSERVATION,ES
207,1977,197,"Ciconia ciconia (Linnaeus, 1758)",Animalia,Ciconia,Ciconiidae,Spain,HUMAN_OBSERVATION,ES
208,1978,537,"Ciconia ciconia (Linnaeus, 1758)",Animalia,Ciconia,Ciconiidae,Spain,HUMAN_OBSERVATION,ES
209,1979,523,"Ciconia ciconia (Linnaeus, 1758)",Animalia,Ciconia,Ciconiidae,Spain,HUMAN_OBSERVATION,ES
210,1980,1154,"Ciconia ciconia (Linnaeus, 1758)",Animalia,Ciconia,Ciconiidae,Spain,HUMAN_OBSERVATION,ES
211,1981,1212,"Ciconia ciconia (Linnaeus, 1758)",Animalia,Ciconia,Ciconiidae,Spain,HUMAN_OBSERVATION,ES
212,1982,1287,"Ciconia ciconia (Linnaeus, 1758)",Animalia,Ciconia,Ciconiidae,Spain,HUMAN_OBSERVATION,ES
213,1983,1909,"Ciconia ciconia (Linnaeus, 1758)",Animalia,Ciconia,Ciconiidae,Spain,HUMAN_OBSERVATION,ES
214,1984,1392,"Ciconia ciconia (Linnaeus, 1758)",Animalia,Ciconia,Ciconiidae,Spain,HUMAN_OBSERVATION,ES
215,1985,1378,"Ciconia ciconia (Linnaeus, 1758)",Animalia,Ciconia,Ciconiidae,Spain,HUMAN_OBSERVATION,ES
216,1986,1397,"Ciconia ciconia (Linnaeus, 1758)",Animalia,Ciconia,Ciconiidae,Spain,HUMAN_OBSERVATION,ES
217,1987,2035,"Ciconia ciconia (Linnaeus, 1758)",Animalia,Ciconia,Ciconiidae,Spain,HUMAN_OBSERVATION,ES
218,1988,1912,"Ciconia ciconia (Linnaeus, 1758)",Animalia,Ciconia,Ciconiidae,Spain,HUMAN_OBSERVATION,ES
219,1989,1605,"Ciconia ciconia (Linnaeus, 1758)",Animalia,Ciconia,Ciconiidae,Spain,HUMAN_OBSERVATION,ES
220,1990,1502,"Ciconia ciconia (Linnaeus, 1758)",Animalia,Ciconia,Ciconiidae,Spain,HUMAN_OBSERVATION,ES
221,1991,1088,"Ciconia ciconia (Linnaeus, 1758)",Animalia,Ciconia,Ciconiidae,Spain,HUMAN_OBSERVATION,ES
222,1992,1624,"Ciconia ciconia (Linnaeus, 1758)",Animalia,Ciconia,Ciconiidae,Spain,HUMAN_OBSERVATION,ES
223,1993,1463,"Ciconia ciconia (Linnaeus, 1758)",Animalia,Ciconia,Ciconiidae,Spain,HUMAN_OBSERVATION,ES
224,1994,1889,"Ciconia ciconia (Linnaeus, 1758)",Animalia,Ciconia,Ciconiidae,Spain,HUMAN_OBSERVATION,ES
225,1995,1428,"Ciconia ciconia (Linnaeus, 1758)",Animalia,Ciconia,Ciconiidae,Spain,HUMAN_OBSERVATION,ES
226,1996,1711,"Ciconia ciconia (Linnaeus, 1758)",Animalia,Ciconia,Ciconiidae,Spain,HUMAN_OBSERVATION,ES
227,1997,2384,"Ciconia ciconia (Linnaeus, 1758)",Animalia,Ciconia,Ciconiidae,Spain,HUMAN_OBSERVATION,ES
228,1998,2875,"Ciconia ciconia (Linnaeus, 1758)",Animalia,Ciconia,Ciconiidae,Spain,HUMAN_OBSERVATION,ES
229,1999,2673,"Ciconia ciconia (Linnaeus, 1758)",Animalia,Ciconia,Ciconiidae,Spain,HUMAN_OBSERVATION,ES
230,2000,3029,"Ciconia ciconia (Linnaeus, 1758)",Animalia,Ciconia,Ciconiidae,Spain,HUMAN_OBSERVATION,ES
231,2001,3922,"Ciconia ciconia (Linnaeus, 1758)",Animalia,Ciconia,Ciconiidae,Spain,HUMAN_OBSERVATION,ES
232,2002,3170,"Ciconia ciconia (Linnaeus, 1758)",Animalia,Ciconia,Ciconiidae,Spain,HUMAN_OBSERVATION,ES
233,2003,3843,"Ciconia ciconia (Linnaeus, 1758)",Animalia,Ciconia,Ciconiidae,Spain,HUMAN_OBSERVATION,ES
234,2004,3128,"Ciconia ciconia (Linnaeus, 1758)",Animalia,Ciconia,Ciconiidae,Spain,HUMAN_OBSERVATION,ES
235,2005,3302,"Ciconia ciconia (Linnaeus, 1758)",Animalia,Ciconia,Ciconiidae,Spain,HUMAN_OBSERVATION,ES
236,2006,3902,"Ciconia ciconia (Linnaeus, 1758)",Animalia,Ciconia,Ciconiidae,Spain,HUMAN_OBSERVATION,ES
237,2007,5812,"Ciconia ciconia (Linnaeus, 1758)",Animalia,Ciconia,Ciconiidae,Spain,HUMAN_OBSERVATION,ES
238,2008,3361,"Ciconia ciconia (Linnaeus, 1758)",Animalia,Ciconia,Ciconiidae,Spain,HUMAN_OBSERVATION,ES
239,2009,4398,"Ciconia ciconia (Linnaeus, 1758)",Animalia,Ciconia,Ciconiidae,Spain,HUMAN_OBSERVATION,ES
240,2010,4386,"Ciconia ciconia (Linnaeus, 1758)",Animalia,Ciconia,Ciconiidae,Spain,HUMAN_OBSERVATION,ES
241,2011,4380,"Ciconia ciconia (Linnaeus, 1758)",Animalia,Ciconia,Ciconiidae,Spain,HUMAN_OBSERVATION,ES
242,2012,4383,"Ciconia ciconia (Linnaeus, 1758)",Animalia,Ciconia,Ciconiidae,Spain,HUMAN_OBSERVATION,ES
243,2013,8765,"Ciconia ciconia (Linnaeus, 1758)",Animalia,Ciconia,Ciconiidae,Spain,HUMAN_OBSERVATION,ES
244,2014,9370,"Ciconia ciconia (Linnaeus, 1758)",Animalia,Ciconia,Ciconiidae,Spain,HUMAN_OBSERVATION,ES
245,2015,8693,"Ciconia ciconia (Linnaeus, 1758)",Animalia,Ciconia,Ciconiidae,Spain,HUMAN_OBSERVATION,ES
246,2016,10166,"Ciconia ciconia (Linnaeus, 1758)",Animalia,Ciconia,Ciconiidae,Spain,HUMAN_OBSERVATION,ES
247,2017,14563,"Ciconia ciconia (Linnaeus, 1758)",Animalia,Ciconia,Ciconiidae,Spain,HUMAN_OBSERVATION,ES
248,2018,24236,"Ciconia ciconia (Linnaeus, 1758)",Animalia,Ciconia,Ciconiidae,Spain,HUMAN_OBSERVATION,ES
249,2019,28632,"Ciconia ciconia (Linnaeus, 1758)",Animalia,Ciconia,Ciconiidae,Spain,HUMAN_OBSERVATION,ES
250,1970,6,"Mareca penelope (Linnaeus, 1758)",Animalia,Anas,Anatidae,Spain,HUMAN_OBSERVATION,ES
251,1971,3,"Mareca penelope (Linnaeus, 1758)",Animalia,Anas,Anatidae,Spain,HUMAN_OBSERVATION,ES
252,1972,41,"Mareca penelope (Linnaeus, 1758)",Animalia,Anas,Anatidae,Spain,HUMAN_OBSERVATION,ES
253,1973,57,"Mareca penelope (Linnaeus, 1758)",Animalia,Anas,Anatidae,Spain,HUMAN_OBSERVATION,ES
254,1974,15,"Mareca penelope (Linnaeus, 1758)",Animalia,Anas,Anatidae,Spain,HUMAN_OBSERVATION,ES
255,1975,65,"Mareca penelope (Linnaeus, 1758)",Animalia,Anas,Anatidae,Spain,HUMAN_OBSERVATION,ES
256,1976,56,"Mareca penelope (Linnaeus, 1758)",Animalia,Anas,Anatidae,Spain,HUMAN_OBSERVATION,ES
257,1977,18,"Mareca penelope (Linnaeus, 1758)",Animalia,Anas,Anatidae,Spain,HUMAN_OBSERVATION,ES
258,1978,45,"Mareca penelope (Linnaeus, 1758)",Animalia,Anas,Anatidae,Spain,HUMAN_OBSERVATION,ES
259,1979,49,"Mareca penelope (Linnaeus, 1758)",Animalia,Anas,Anatidae,Spain,HUMAN_OBSERVATION,ES
260,1980,75,"Mareca penelope (Linnaeus, 1758)",Animalia,Anas,Anatidae,Spain,HUMAN_OBSERVATION,ES
261,1981,77,"Mareca penelope (Linnaeus, 1758)",Animalia,Anas,Anatidae,Spain,HUMAN_OBSERVATION,ES
262,1982,60,"Mareca penelope (Linnaeus, 1758)",Animalia,Anas,Anatidae,Spain,HUMAN_OBSERVATION,ES
263,1983,74,"Mareca penelope (Linnaeus, 1758)",Animalia,Anas,Anatidae,Spain,HUMAN_OBSERVATION,ES
264,1984,61,"Mareca penelope (Linnaeus, 1758)",Animalia,Anas,Anatidae,Spain,HUMAN_OBSERVATION,ES
265,1985,132,"Mareca penelope (Linnaeus, 1758)",Animalia,Anas,Anatidae,Spain,HUMAN_OBSERVATION,ES
266,1986,112,"Mareca penelope (Linnaeus, 1758)",Animalia,Anas,Anatidae,Spain,HUMAN_OBSERVATION,ES
267,1987,179,"Mareca penelope (Linnaeus, 1758)",Animalia,Anas,Anatidae,Spain,HUMAN_OBSERVATION,ES
268,1988,124,"Mareca penelope (Linnaeus, 1758)",Animalia,Anas,Anatidae,Spain,HUMAN_OBSERVATION,ES
269,1989,157,"Mareca penelope (Linnaeus, 1758)",Animalia,Anas,Anatidae,Spain,HUMAN_OBSERVATION,ES
270,1990,248,"Mareca penelope (Linnaeus, 1758)",Animalia,Anas,Anatidae,Spain,HUMAN_OBSERVATION,ES
271,1991,225,"Mareca penelope (Linnaeus, 1758)",Animalia,Anas,Anatidae,Spain,HUMAN_OBSERVATION,ES
272,1992,252,"Mareca penelope (Linnaeus, 1758)",Animalia,Anas,Anatidae,Spain,HUMAN_OBSERVATION,ES
273,1993,332,"Mareca penelope (Linnaeus, 1758)",Animalia,Anas,Anatidae,Spain,HUMAN_OBSERVATION,ES
274,1994,287,"Mareca penelope (Linnaeus, 1758)",Animalia,Anas,Anatidae,Spain,HUMAN_OBSERVATION,ES
275,1995,284,"Mareca penelope (Linnaeus, 1758)",Animalia,Anas,Anatidae,Spain,HUMAN_OBSERVATION,ES
276,1996,218,"Mareca penelope (Linnaeus, 1758)",Animalia,Anas,Anatidae,Spain,HUMAN_OBSERVATION,ES
277,1997,240,"Mareca penelope (Linnaeus, 1758)",Animalia,Anas,Anatidae,Spain,HUMAN_OBSERVATION,ES
278,1998,225,"Mareca penelope (Linnaeus, 1758)",Animalia,Anas,Anatidae,Spain,HUMAN_OBSERVATION,ES
279,1999,304,"Mareca penelope (Linnaeus, 1758)",Animalia,Anas,Anatidae,Spain,HUMAN_OBSERVATION,ES
280,2000,321,"Mareca penelope (Linnaeus, 1758)",Animalia,Anas,Anatidae,Spain,HUMAN_OBSERVATION,ES
281,2001,367,"Mareca penelope (Linnaeus, 1758)",Animalia,Anas,Anatidae,Spain,HUMAN_OBSERVATION,ES
282,2002,360,"Mareca penelope (Linnaeus, 1758)",Animalia,Anas,Anatidae,Spain,HUMAN_OBSERVATION,ES
283,2003,282,"Mareca penelope (Linnaeus, 1758)",Animalia,Anas,Anatidae,Spain,HUMAN_OBSERVATION,ES
284,2004,298,"Mareca penelope (Linnaeus, 1758)",Animalia,Anas,Anatidae,Spain,HUMAN_OBSERVATION,ES
285,2005,362,"Mareca penelope (Linnaeus, 1758)",Animalia,Anas,Anatidae,Spain,HUMAN_OBSERVATION,ES
286,2006,349,"Mareca penelope (Linnaeus, 1758)",Animalia,Anas,Anatidae,Spain,HUMAN_OBSERVATION,ES
287,2007,314,"Mareca penelope (Linnaeus, 1758)",Animalia,Anas,Anatidae,Spain,HUMAN_OBSERVATION,ES
288,2008,300,"Mareca penelope (Linnaeus, 1758)",Animalia,Anas,Anatidae,Spain,HUMAN_OBSERVATION,ES
289,2009,353,"Mareca penelope (Linnaeus, 1758)",Animalia,Anas,Anatidae,Spain,HUMAN_OBSERVATION,ES
290,2010,388,"Mareca penelope (Linnaeus, 1758)",Animalia,Anas,Anatidae,Spain,HUMAN_OBSERVATION,ES
291,2011,287,"Mareca penelope (Linnaeus, 1758)",Animalia,Anas,Anatidae,Spain,HUMAN_OBSERVATION,ES
292,2012,363,"Mareca penelope (Linnaeus, 1758)",Animalia,Anas,Anatidae,Spain,HUMAN_OBSERVATION,ES
293,2013,503,"Mareca penelope (Linnaeus, 1758)",Animalia,Anas,Anatidae,Spain,HUMAN_OBSERVATION,ES
294,2014,558,"Mareca penelope (Linnaeus, 1758)",Animalia,Anas,Anatidae,Spain,HUMAN_OBSERVATION,ES
295,2015,528,"Mareca penelope (Linnaeus, 1758)",Animalia,Anas,Anatidae,Spain,HUMAN_OBSERVATION,ES
296,2016,1405,"Mareca penelope (Linnaeus, 1758)",Animalia,Anas,Anatidae,Spain,HUMAN_OBSERVATION,ES
297,2017,2104,"Mareca penelope (Linnaeus, 1758)",Animalia,Anas,Anatidae,Spain,HUMAN_OBSERVATION,ES
298,2018,3291,"Mareca penelope (Linnaeus, 1758)",Animalia,Anas,Anatidae,Spain,HUMAN_OBSERVATION,ES
299,2019,3934,"Mareca penelope (Linnaeus, 1758)",Animalia,Anas,Anatidae,Spain,HUMAN_OBSERVATION,ES
300,1970,1,"Grus grus (Linnaeus, 1758)",Animalia,Grus,Gruidae,Spain,HUMAN_OBSERVATION,ES
301,1971,1,"Grus grus (Linnaeus, 1758)",Animalia,Grus,Gruidae,Spain,HUMAN_OBSERVATION,ES
302,1972,3,"Grus grus (Linnaeus, 1758)",Animalia,Grus,Gruidae,Spain,HUMAN_OBSERVATION,ES
303,1973,3,"Grus grus (Linnaeus, 1758)",Animalia,Grus,Gruidae,Spain,HUMAN_OBSERVATION,ES
304,1974,1,"Grus grus (Linnaeus, 1758)",Animalia,Grus,Gruidae,Spain,HUMAN_OBSERVATION,ES
305,1975,5,"Grus grus (Linnaeus, 1758)",Animalia,Grus,Gruidae,Spain,HUMAN_OBSERVATION,ES
306,1976,1,"Grus grus (Linnaeus, 1758)",Animalia,Grus,Gruidae,Spain,HUMAN_OBSERVATION,ES
307,1977,2,"Grus grus (Linnaeus, 1758)",Animalia,Grus,Gruidae,Spain,HUMAN_OBSERVATION,ES
308,1978,1,"Grus grus (Linnaeus, 1758)",Animalia,Grus,Gruidae,Spain,HUMAN_OBSERVATION,ES
309,1979,1,"Grus grus (Linnaeus, 1758)",Animalia,Grus,Gruidae,Spain,HUMAN_OBSERVATION,ES
310,1980,8,"Grus grus (Linnaeus, 1758)",Animalia,Grus,Gruidae,Spain,HUMAN_OBSERVATION,ES
311,1981,10,"Grus grus (Linnaeus, 1758)",Animalia,Grus,Gruidae,Spain,HUMAN_OBSERVATION,ES
312,1982,7,"Grus grus (Linnaeus, 1758)",Animalia,Grus,Gruidae,Spain,HUMAN_OBSERVATION,ES
313,1983,15,"Grus grus (Linnaeus, 1758)",Animalia,Grus,Gruidae,Spain,HUMAN_OBSERVATION,ES
314,1984,10,"Grus grus (Linnaeus, 1758)",Animalia,Grus,Gruidae,Spain,HUMAN_OBSERVATION,ES
315,1985,12,"Grus grus (Linnaeus, 1758)",Animalia,Grus,Gruidae,Spain,HUMAN_OBSERVATION,ES
316,1986,16,"Grus grus (Linnaeus, 1758)",Animalia,Grus,Gruidae,Spain,HUMAN_OBSERVATION,ES
317,1987,27,"Grus grus (Linnaeus, 1758)",Animalia,Grus,Gruidae,Spain,HUMAN_OBSERVATION,ES
318,1988,91,"Grus grus (Linnaeus, 1758)",Animalia,Grus,Gruidae,Spain,HUMAN_OBSERVATION,ES
319,1989,116,"Grus grus (Linnaeus, 1758)",Animalia,Grus,Gruidae,Spain,HUMAN_OBSERVATION,ES
320,1990,170,"Grus grus (Linnaeus, 1758)",Animalia,Grus,Gruidae,Spain,HUMAN_OBSERVATION,ES
321,1991,68,"Grus grus (Linnaeus, 1758)",Animalia,Grus,Gruidae,Spain,HUMAN_OBSERVATION,ES
322,1992,79,"Grus grus (Linnaeus, 1758)",Animalia,Grus,Gruidae,Spain,HUMAN_OBSERVATION,ES
323,1993,92,"Grus grus (Linnaeus, 1758)",Animalia,Grus,Gruidae,Spain,HUMAN_OBSERVATION,ES
324,1994,100,"Grus grus (Linnaeus, 1758)",Animalia,Grus,Gruidae,Spain,HUMAN_OBSERVATION,ES
325,1995,106,"Grus grus (Linnaeus, 1758)",Animalia,Grus,Gruidae,Spain,HUMAN_OBSERVATION,ES
326,1996,73,"Grus grus (Linnaeus, 1758)",Animalia,Grus,Gruidae,Spain,HUMAN_OBSERVATION,ES
327,1997,97,"Grus grus (Linnaeus, 1758)",Animalia,Grus,Gruidae,Spain,HUMAN_OBSERVATION,ES
328,1998,100,"Grus grus (Linnaeus, 1758)",Animalia,Grus,Gruidae,Spain,HUMAN_OBSERVATION,ES
329,1999,146,"Grus grus (Linnaeus, 1758)",Animalia,Grus,Gruidae,Spain,HUMAN_OBSERVATION,ES
330,2000,840,"Grus grus (Linnaeus, 1758)",Animalia,Grus,Gruidae,Spain,HUMAN_OBSERVATION,ES
331,2001,199,"Grus grus (Linnaeus, 1758)",Animalia,Grus,Gruidae,Spain,HUMAN_OBSERVATION,ES
332,2002,171,"Grus grus (Linnaeus, 1758)",Animalia,Grus,Gruidae,Spain,HUMAN_OBSERVATION,ES
333,2003,190,"Grus grus (Linnaeus, 1758)",Animalia,Grus,Gruidae,Spain,HUMAN_OBSERVATION,ES
334,2004,166,"Grus grus (Linnaeus, 1758)",Animalia,Grus,Gruidae,Spain,HUMAN_OBSERVATION,ES
335,2005,213,"Grus grus (Linnaeus, 1758)",Animalia,Grus,Gruidae,Spain,HUMAN_OBSERVATION,ES
336,2006,237,"Grus grus (Linnaeus, 1758)",Animalia,Grus,Gruidae,Spain,HUMAN_OBSERVATION,ES
337,2007,215,"Grus grus (Linnaeus, 1758)",Animalia,Grus,Gruidae,Spain,HUMAN_OBSERVATION,ES
338,2008,310,"Grus grus (Linnaeus, 1758)",Animalia,Grus,Gruidae,Spain,HUMAN_OBSERVATION,ES
339,2009,311,"Grus grus (Linnaeus, 1758)",Animalia,Grus,Gruidae,Spain,HUMAN_OBSERVATION,ES
340,2010,620,"Grus grus (Linnaeus, 1758)",Animalia,Grus,Gruidae,Spain,HUMAN_OBSERVATION,ES
341,2011,616,"Grus grus (Linnaeus, 1758)",Animalia,Grus,Gruidae,Spain,HUMAN_OBSERVATION,ES
342,2012,737,"Grus grus (Linnaeus, 1758)",Animalia,Grus,Gruidae,Spain,HUMAN_OBSERVATION,ES
343,2013,923,"Grus grus (Linnaeus, 1758)",Animalia,Grus,Gruidae,Spain,HUMAN_OBSERVATION,ES
344,2014,1045,"Grus grus (Linnaeus, 1758)",Animalia,Grus,Gruidae,Spain,HUMAN_OBSERVATION,ES
345,2015,11024,"Grus grus (Linnaeus, 1758)",Animalia,Grus,Gruidae,Spain,HUMAN_OBSERVATION,ES
346,2016,7602,"Grus grus (Linnaeus, 1758)",Animalia,Grus,Gruidae,Spain,HUMAN_OBSERVATION,ES
347,2017,2506,"Grus grus (Linnaeus, 1758)",Animalia,Grus,Gruidae,Spain,HUMAN_OBSERVATION,ES
348,2018,5732,"Grus grus (Linnaeus, 1758)",Animalia,Grus,Gruidae,Spain,HUMAN_OBSERVATION,ES
349,2019,905,"Grus grus (Linnaeus, 1758)",Animalia,Grus,Gruidae,Spain,HUMAN_OBSERVATION,ES
350,1970,39,"Vanellus vanellus (Linnaeus, 1758)",Animalia,Vanellus,Charadriidae,Spain,HUMAN_OBSERVATION,ES
351,1971,79,"Vanellus vanellus (Linnaeus, 1758)",Animalia,Vanellus,Charadriidae,Spain,HUMAN_OBSERVATION,ES
352,1972,14,"Vanellus vanellus (Linnaeus, 1758)",Animalia,Vanellus,Charadriidae,Spain,HUMAN_OBSERVATION,ES
353,1973,37,"Vanellus vanellus (Linnaeus, 1758)",Animalia,Vanellus,Charadriidae,Spain,HUMAN_OBSERVATION,ES
354,1974,12,"Vanellus vanellus (Linnaeus, 1758)",Animalia,Vanellus,Charadriidae,Spain,HUMAN_OBSERVATION,ES
355,1975,36,"Vanellus vanellus (Linnaeus, 1758)",Animalia,Vanellus,Charadriidae,Spain,HUMAN_OBSERVATION,ES
356,1976,54,"Vanellus vanellus (Linnaeus, 1758)",Animalia,Vanellus,Charadriidae,Spain,HUMAN_OBSERVATION,ES
357,1977,19,"Vanellus vanellus (Linnaeus, 1758)",Animalia,Vanellus,Charadriidae,Spain,HUMAN_OBSERVATION,ES
358,1978,28,"Vanellus vanellus (Linnaeus, 1758)",Animalia,Vanellus,Charadriidae,Spain,HUMAN_OBSERVATION,ES
359,1979,38,"Vanellus vanellus (Linnaeus, 1758)",Animalia,Vanellus,Charadriidae,Spain,HUMAN_OBSERVATION,ES
360,1980,109,"Vanellus vanellus (Linnaeus, 1758)",Animalia,Vanellus,Charadriidae,Spain,HUMAN_OBSERVATION,ES
361,1981,65,"Vanellus vanellus (Linnaeus, 1758)",Animalia,Vanellus,Charadriidae,Spain,HUMAN_OBSERVATION,ES
362,1982,76,"Vanellus vanellus (Linnaeus, 1758)",Animalia,Vanellus,Charadriidae,Spain,HUMAN_OBSERVATION,ES
363,1983,117,"Vanellus vanellus (Linnaeus, 1758)",Animalia,Vanellus,Charadriidae,Spain,HUMAN_OBSERVATION,ES
364,1984,124,"Vanellus vanellus (Linnaeus, 1758)",Animalia,Vanellus,Charadriidae,Spain,HUMAN_OBSERVATION,ES
365,1985,362,"Vanellus vanellus (Linnaeus, 1758)",Animalia,Vanellus,Charadriidae,Spain,HUMAN_OBSERVATION,ES
366,1986,90,"Vanellus vanellus (Linnaeus, 1758)",Animalia,Vanellus,Charadriidae,Spain,HUMAN_OBSERVATION,ES
367,1987,204,"Vanellus vanellus (Linnaeus, 1758)",Animalia,Vanellus,Charadriidae,Spain,HUMAN_OBSERVATION,ES
368,1988,160,"Vanellus vanellus (Linnaeus, 1758)",Animalia,Vanellus,Charadriidae,Spain,HUMAN_OBSERVATION,ES
369,1989,180,"Vanellus vanellus (Linnaeus, 1758)",Animalia,Vanellus,Charadriidae,Spain,HUMAN_OBSERVATION,ES
370,1990,186,"Vanellus vanellus (Linnaeus, 1758)",Animalia,Vanellus,Charadriidae,Spain,HUMAN_OBSERVATION,ES
371,1991,240,"Vanellus vanellus (Linnaeus, 1758)",Animalia,Vanellus,Charadriidae,Spain,HUMAN_OBSERVATION,ES
372,1992,264,"Vanellus vanellus (Linnaeus, 1758)",Animalia,Vanellus,Charadriidae,Spain,HUMAN_OBSERVATION,ES
373,1993,363,"Vanellus vanellus (Linnaeus, 1758)",Animalia,Vanellus,Charadriidae,Spain,HUMAN_OBSERVATION,ES
374,1994,370,"Vanellus vanellus (Linnaeus, 1758)",Animalia,Vanellus,Charadriidae,Spain,HUMAN_OBSERVATION,ES
375,1995,421,"Vanellus vanellus (Linnaeus, 1758)",Animalia,Vanellus,Charadriidae,Spain,HUMAN_OBSERVATION,ES
376,1996,336,"Vanellus vanellus (Linnaeus, 1758)",Animalia,Vanellus,Charadriidae,Spain,HUMAN_OBSERVATION,ES
377,1997,550,"Vanellus vanellus (Linnaeus, 1758)",Animalia,Vanellus,Charadriidae,Spain,HUMAN_OBSERVATION,ES
378,1998,480,"Vanellus vanellus (Linnaeus, 1758)",Animalia,Vanellus,Charadriidae,Spain,HUMAN_OBSERVATION,ES
379,1999,533,"Vanellus vanellus (Linnaeus, 1758)",Animalia,Vanellus,Charadriidae,Spain,HUMAN_OBSERVATION,ES
380,2000,600,"Vanellus vanellus (Linnaeus, 1758)",Animalia,Vanellus,Charadriidae,Spain,HUMAN_OBSERVATION,ES
381,2001,662,"Vanellus vanellus (Linnaeus, 1758)",Animalia,Vanellus,Charadriidae,Spain,HUMAN_OBSERVATION,ES
382,2002,724,"Vanellus vanellus (Linnaeus, 1758)",Animalia,Vanellus,Charadriidae,Spain,HUMAN_OBSERVATION,ES
383,2003,707,"Vanellus vanellus (Linnaeus, 1758)",Animalia,Vanellus,Charadriidae,Spain,HUMAN_OBSERVATION,ES
384,2004,505,"Vanellus vanellus (Linnaeus, 1758)",Animalia,Vanellus,Charadriidae,Spain,HUMAN_OBSERVATION,ES
385,2005,605,"Vanellus vanellus (Linnaeus, 1758)",Animalia,Vanellus,Charadriidae,Spain,HUMAN_OBSERVATION,ES
386,2006,653,"Vanellus vanellus (Linnaeus, 1758)",Animalia,Vanellus,Charadriidae,Spain,HUMAN_OBSERVATION,ES
387,2007,1210,"Vanellus vanellus (Linnaeus, 1758)",Animalia,Vanellus,Charadriidae,Spain,HUMAN_OBSERVATION,ES
388,2008,854,"Vanellus vanellus (Linnaeus, 1758)",Animalia,Vanellus,Charadriidae,Spain,HUMAN_OBSERVATION,ES
389,2009,1089,"Vanellus vanellus (Linnaeus, 1758)",Animalia,Vanellus,Charadriidae,Spain,HUMAN_OBSERVATION,ES
390,2010,1184,"Vanellus vanellus (Linnaeus, 1758)",Animalia,Vanellus,Charadriidae,Spain,HUMAN_OBSERVATION,ES
391,2011,980,"Vanellus vanellus (Linnaeus, 1758)",Animalia,Vanellus,Charadriidae,Spain,HUMAN_OBSERVATION,ES
392,2012,1070,"Vanellus vanellus (Linnaeus, 1758)",Animalia,Vanellus,Charadriidae,Spain,HUMAN_OBSERVATION,ES
393,2013,1256,"Vanellus vanellus (Linnaeus, 1758)",Animalia,Vanellus,Charadriidae,Spain,HUMAN_OBSERVATION,ES
394,2014,1325,"Vanellus vanellus (Linnaeus, 1758)",Animalia,Vanellus,Charadriidae,Spain,HUMAN_OBSERVATION,ES
395,2015,1536,"Vanellus vanellus (Linnaeus, 1758)",Animalia,Vanellus,Charadriidae,Spain,HUMAN_OBSERVATION,ES
396,2016,11894,"Vanellus vanellus (Linnaeus, 1758)",Animalia,Vanellus,Charadriidae,Spain,HUMAN_OBSERVATION,ES
397,2017,10011,"Vanellus vanellus (Linnaeus, 1758)",Animalia,Vanellus,Charadriidae,Spain,HUMAN_OBSERVATION,ES
398,2018,6642,"Vanellus vanellus (Linnaeus, 1758)",Animalia,Vanellus,Charadriidae,Spain,HUMAN_OBSERVATION,ES
399,2019,3472,"Vanellus vanellus (Linnaeus, 1758)",Animalia,Vanellus,Charadriidae,Spain,HUMAN_OBSERVATION,ES
400,1970,0,Cortaderia selloana Asch. & Graebn.,Plantae,Cortaderia,Poaceae,Spain,HUMAN_OBSERVATION,NL
401,1971,0,Cortaderia selloana Asch. & Graebn.,Plantae,Cortaderia,Poaceae,Spain,HUMAN_OBSERVATION,NL
402,1972,0,Cortaderia selloana Asch. & Graebn.,Plantae,Cortaderia,Poaceae,Spain,HUMAN_OBSERVATION,NL
403,1973,0,Cortaderia selloana Asch. & Graebn.,Plantae,Cortaderia,Poaceae,Spain,HUMAN_OBSERVATION,NL
404,1974,0,Cortaderia selloana Asch. & Graebn.,Plantae,Cortaderia,Poaceae,Spain,HUMAN_OBSERVATION,NL
405,1975,0,Cortaderia selloana Asch. & Graebn.,Plantae,Cortaderia,Poaceae,Spain,HUMAN_OBSERVATION,NL
406,1976,0,Cortaderia selloana Asch. & Graebn.,Plantae,Cortaderia,Poaceae,Spain,HUMAN_OBSERVATION,NL
407,1977,0,Cortaderia selloana Asch. & Graebn.,Plantae,Cortaderia,Poaceae,Spain,HUMAN_OBSERVATION,NL
408,1978,0,Cortaderia selloana Asch. & Graebn.,Plantae,Cortaderia,Poaceae,Spain,HUMAN_OBSERVATION,NL
409,1979,1,Cortaderia selloana Asch. & Graebn.,Plantae,Cortaderia,Poaceae,Spain,HUMAN_OBSERVATION,NL
410,1980,0,Cortaderia selloana Asch. & Graebn.,Plantae,Cortaderia,Poaceae,Spain,HUMAN_OBSERVATION,NL
411,1981,0,Cortaderia selloana Asch. & Graebn.,Plantae,Cortaderia,Poaceae,Spain,HUMAN_OBSERVATION,NL
412,1982,0,Cortaderia selloana Asch. & Graebn.,Plantae,Cortaderia,Poaceae,Spain,HUMAN_OBSERVATION,NL
413,1983,0,Cortaderia selloana Asch. & Graebn.,Plantae,Cortaderia,Poaceae,Spain,HUMAN_OBSERVATION,NL
414,1984,3,Cortaderia selloana Asch. & Graebn.,Plantae,Cortaderia,Poaceae,Spain,HUMAN_OBSERVATION,NL
415,1985,0,Cortaderia selloana Asch. & Graebn.,Plantae,Cortaderia,Poaceae,Spain,HUMAN_OBSERVATION,NL
416,1986,0,Cortaderia selloana Asch. & Graebn.,Plantae,Cortaderia,Poaceae,Spain,HUMAN_OBSERVATION,NL
417,1987,1,Cortaderia selloana Asch. & Graebn.,Plantae,Cortaderia,Poaceae,Spain,HUMAN_OBSERVATION,NL
418,1988,6,Cortaderia selloana Asch. & Graebn.,Plantae,Cortaderia,Poaceae,Spain,HUMAN_OBSERVATION,NL
419,1989,4,Cortaderia selloana Asch. & Graebn.,Plantae,Cortaderia,Poaceae,Spain,HUMAN_OBSERVATION,NL
420,1990,0,Cortaderia selloana Asch. & Graebn.,Plantae,Cortaderia,Poaceae,Spain,HUMAN_OBSERVATION,NL
421,1991,0,Cortaderia selloana Asch. & Graebn.,Plantae,Cortaderia,Poaceae,Spain,HUMAN_OBSERVATION,NL
422,1992,1,Cortaderia selloana Asch. & Graebn.,Plantae,Cortaderia,Poaceae,Spain,HUMAN_OBSERVATION,NL
423,1993,0,Cortaderia selloana Asch. & Graebn.,Plantae,Cortaderia,Poaceae,Spain,HUMAN_OBSERVATION,NL
424,1994,0,Cortaderia selloana Asch. & Graebn.,Plantae,Cortaderia,Poaceae,Spain,HUMAN_OBSERVATION,NL
425,1995,0,Cortaderia selloana Asch. & Graebn.,Plantae,Cortaderia,Poaceae,Spain,HUMAN_OBSERVATION,NL
426,1996,3,Cortaderia selloana Asch. & Graebn.,Plantae,Cortaderia,Poaceae,Spain,HUMAN_OBSERVATION,NL
427,1997,1,Cortaderia selloana Asch. & Graebn.,Plantae,Cortaderia,Poaceae,Spain,HUMAN_OBSERVATION,NL
428,1998,3,Cortaderia selloana Asch. & Graebn.,Plantae,Cortaderia,Poaceae,Spain,HUMAN_OBSERVATION,NL
429,1999,3,Cortaderia selloana Asch. & Graebn.,Plantae,Cortaderia,Poaceae,Spain,HUMAN_OBSERVATION,NL
430,2000,11,Cortaderia selloana Asch. & Graebn.,Plantae,Cortaderia,Poaceae,Spain,HUMAN_OBSERVATION,NL
431,2001,3,Cortaderia selloana Asch. & Graebn.,Plantae,Cortaderia,Poaceae,Spain,HUMAN_OBSERVATION,NL
432,2002,2,Cortaderia selloana Asch. & Graebn.,Plantae,Cortaderia,Poaceae,Spain,HUMAN_OBSERVATION,NL
433,2003,6,Cortaderia selloana Asch. & Graebn.,Plantae,Cortaderia,Poaceae,Spain,HUMAN_OBSERVATION,NL
434,2004,14,Cortaderia selloana Asch. & Graebn.,Plantae,Cortaderia,Poaceae,Spain,HUMAN_OBSERVATION,NL
435,2005,5,Cortaderia selloana Asch. & Graebn.,Plantae,Cortaderia,Poaceae,Spain,HUMAN_OBSERVATION,NL
436,2006,6,Cortaderia selloana Asch. & Graebn.,Plantae,Cortaderia,Poaceae,Spain,HUMAN_OBSERVATION,NL
437,2007,11,Cortaderia selloana Asch. & Graebn.,Plantae,Cortaderia,Poaceae,Spain,HUMAN_OBSERVATION,NL
438,2008,22,Cortaderia selloana Asch. & Graebn.,Plantae,Cortaderia,Poaceae,Spain,HUMAN_OBSERVATION,NL
439,2009,108,Cortaderia selloana Asch. & Graebn.,Plantae,Cortaderia,Poaceae,Spain,HUMAN_OBSERVATION,NL
440,2010,23,Cortaderia selloana Asch. & Graebn.,Plantae,Cortaderia,Poaceae,Spain,HUMAN_OBSERVATION,NL
441,2011,159,Cortaderia selloana Asch. & Graebn.,Plantae,Cortaderia,Poaceae,Spain,HUMAN_OBSERVATION,NL
442,2012,36,Cortaderia selloana Asch. & Graebn.,Plantae,Cortaderia,Poaceae,Spain,HUMAN_OBSERVATION,NL
443,2013,133,Cortaderia selloana Asch. & Graebn.,Plantae,Cortaderia,Poaceae,Spain,HUMAN_OBSERVATION,NL
444,2014,122,Cortaderia selloana Asch. & Graebn.,Plantae,Cortaderia,Poaceae,Spain,HUMAN_OBSERVATION,NL
445,2015,219,Cortaderia selloana Asch. & Graebn.,Plantae,Cortaderia,Poaceae,Spain,HUMAN_OBSERVATION,NL
446,2016,79,Cortaderia selloana Asch. & Graebn.,Plantae,Cortaderia,Poaceae,Spain,HUMAN_OBSERVATION,NL
447,2017,181,Cortaderia selloana Asch. & Graebn.,Plantae,Cortaderia,Poaceae,Spain,HUMAN_OBSERVATION,NL
448,2018,271,Cortaderia selloana Asch. & Graebn.,Plantae,Cortaderia,Poaceae,Spain,HUMAN_OBSERVATION,NL
449,2019,434,Cortaderia selloana Asch. & Graebn.,Plantae,Cortaderia,Poaceae,Spain,HUMAN_OBSERVATION,NL
450,1970,0,Carpobrotus edulis N.E.Br.,Plantae,Carpobrotus,Aizoaceae,Spain,HUMAN_OBSERVATION,FR
451,1971,0,Carpobrotus edulis N.E.Br.,Plantae,Carpobrotus,Aizoaceae,Spain,HUMAN_OBSERVATION,FR
452,1972,0,Carpobrotus edulis N.E.Br.,Plantae,Carpobrotus,Aizoaceae,Spain,HUMAN_OBSERVATION,FR
453,1973,0,Carpobrotus edulis N.E.Br.,Plantae,Carpobrotus,Aizoaceae,Spain,HUMAN_OBSERVATION,FR
454,1974,0,Carpobrotus edulis N.E.Br.,Plantae,Carpobrotus,Aizoaceae,Spain,HUMAN_OBSERVATION,FR
455,1975,1,Carpobrotus edulis N.E.Br.,Plantae,Carpobrotus,Aizoaceae,Spain,HUMAN_OBSERVATION,FR
456,1976,0,Carpobrotus edulis N.E.Br.,Plantae,Carpobrotus,Aizoaceae,Spain,HUMAN_OBSERVATION,FR
457,1977,0,Carpobrotus edulis N.E.Br.,Plantae,Carpobrotus,Aizoaceae,Spain,HUMAN_OBSERVATION,FR
458,1978,0,Carpobrotus edulis N.E.Br.,Plantae,Carpobrotus,Aizoaceae,Spain,HUMAN_OBSERVATION,FR
459,1979,0,Carpobrotus edulis N.E.Br.,Plantae,Carpobrotus,Aizoaceae,Spain,HUMAN_OBSERVATION,FR
460,1980,1,Carpobrotus edulis N.E.Br.,Plantae,Carpobrotus,Aizoaceae,Spain,HUMAN_OBSERVATION,FR
461,1981,3,Carpobrotus edulis N.E.Br.,Plantae,Carpobrotus,Aizoaceae,Spain,HUMAN_OBSERVATION,FR
462,1982,2,Carpobrotus edulis N.E.Br.,Plantae,Carpobrotus,Aizoaceae,Spain,HUMAN_OBSERVATION,FR
463,1983,3,Carpobrotus edulis N.E.Br.,Plantae,Carpobrotus,Aizoaceae,Spain,HUMAN_OBSERVATION,FR
464,1984,0,Carpobrotus edulis N.E.Br.,Plantae,Carpobrotus,Aizoaceae,Spain,HUMAN_OBSERVATION,FR
465,1985,1,Carpobrotus edulis N.E.Br.,Plantae,Carpobrotus,Aizoaceae,Spain,HUMAN_OBSERVATION,FR
466,1986,1,Carpobrotus edulis N.E.Br.,Plantae,Carpobrotus,Aizoaceae,Spain,HUMAN_OBSERVATION,FR
467,1987,1,Carpobrotus edulis N.E.Br.,Plantae,Carpobrotus,Aizoaceae,Spain,HUMAN_OBSERVATION,FR
468,1988,4,Carpobrotus edulis N.E.Br.,Plantae,Carpobrotus,Aizoaceae,Spain,HUMAN_OBSERVATION,FR
469,1989,14,Carpobrotus edulis N.E.Br.,Plantae,Carpobrotus,Aizoaceae,Spain,HUMAN_OBSERVATION,FR
470,1990,1,Carpobrotus edulis N.E.Br.,Plantae,Carpobrotus,Aizoaceae,Spain,HUMAN_OBSERVATION,FR
471,1991,2,Carpobrotus edulis N.E.Br.,Plantae,Carpobrotus,Aizoaceae,Spain,HUMAN_OBSERVATION,FR
472,1992,3,Carpobrotus edulis N.E.Br.,Plantae,Carpobrotus,Aizoaceae,Spain,HUMAN_OBSERVATION,FR
473,1993,1,Carpobrotus edulis N.E.Br.,Plantae,Carpobrotus,Aizoaceae,Spain,HUMAN_OBSERVATION,FR
474,1994,6,Carpobrotus edulis N.E.Br.,Plantae,Carpobrotus,Aizoaceae,Spain,HUMAN_OBSERVATION,FR
475,1995,11,Carpobrotus edulis N.E.Br.,Plantae,Carpobrotus,Aizoaceae,Spain,HUMAN_OBSERVATION,FR
476,1996,1,Carpobrotus edulis N.E.Br.,Plantae,Carpobrotus,Aizoaceae,Spain,HUMAN_OBSERVATION,FR
477,1997,27,Carpobrotus edulis N.E.Br.,Plantae,Carpobrotus,Aizoaceae,Spain,HUMAN_OBSERVATION,FR
478,1998,10,Carpobrotus edulis N.E.Br.,Plantae,Carpobrotus,Aizoaceae,Spain,HUMAN_OBSERVATION,FR
479,1999,18,Carpobrotus edulis N.E.Br.,Plantae,Carpobrotus,Aizoaceae,Spain,HUMAN_OBSERVATION,FR
480,2000,48,Carpobrotus edulis N.E.Br.,Plantae,Carpobrotus,Aizoaceae,Spain,HUMAN_OBSERVATION,FR
481,2001,32,Carpobrotus edulis N.E.Br.,Plantae,Carpobrotus,Aizoaceae,Spain,HUMAN_OBSERVATION,FR
482,2002,9,Carpobrotus edulis N.E.Br.,Plantae,Carpobrotus,Aizoaceae,Spain,HUMAN_OBSERVATION,FR
483,2003,3,Carpobrotus edulis N.E.Br.,Plantae,Carpobrotus,Aizoaceae,Spain,HUMAN_OBSERVATION,FR
484,2004,10,Carpobrotus edulis N.E.Br.,Plantae,Carpobrotus,Aizoaceae,Spain,HUMAN_OBSERVATION,FR
485,2005,7,Carpobrotus edulis N.E.Br.,Plantae,Carpobrotus,Aizoaceae,Spain,HUMAN_OBSERVATION,FR
486,2006,48,Carpobrotus edulis N.E.Br.,Plantae,Carpobrotus,Aizoaceae,Spain,HUMAN_OBSERVATION,FR
487,2007,21,Carpobrotus edulis N.E.Br.,Plantae,Carpobrotus,Aizoaceae,Spain,HUMAN_OBSERVATION,FR
488,2008,38,Carpobrotus edulis N.E.Br.,Plantae,Carpobrotus,Aizoaceae,Spain,HUMAN_OBSERVATION,FR
489,2009,58,Carpobrotus edulis N.E.Br.,Plantae,Carpobrotus,Aizoaceae,Spain,HUMAN_OBSERVATION,FR
490,2010,20,Carpobrotus edulis N.E.Br.,Plantae,Carpobrotus,Aizoaceae,Spain,HUMAN_OBSERVATION,FR
491,2011,23,Carpobrotus edulis N.E.Br.,Plantae,Carpobrotus,Aizoaceae,Spain,HUMAN_OBSERVATION,FR
492,2012,25,Carpobrotus edulis N.E.Br.,Plantae,Carpobrotus,Aizoaceae,Spain,HUMAN_OBSERVATION,FR
493,2013,47,Carpobrotus edulis N.E.Br.,Plantae,Carpobrotus,Aizoaceae,Spain,HUMAN_OBSERVATION,FR
494,2014,54,Carpobrotus edulis N.E.Br.,Plantae,Carpobrotus,Aizoaceae,Spain,HUMAN_OBSERVATION,FR
495,2015,34,Carpobrotus edulis N.E.Br.,Plantae,Carpobrotus,Aizoaceae,Spain,HUMAN_OBSERVATION,FR
496,2016,40,Carpobrotus edulis N.E.Br.,Plantae,Carpobrotus,Aizoaceae,Spain,HUMAN_OBSERVATION,FR
497,2017,58,Carpobrotus edulis N.E.Br.,Plantae,Carpobrotus,Aizoaceae,Spain,HUMAN_OBSERVATION,FR
498,2018,131,Carpobrotus edulis N.E.Br.,Plantae,Carpobrotus,Aizoaceae,Spain,HUMAN_OBSERVATION,FR
499,2019,513,Carpobrotus edulis N.E.Br.,Plantae,Carpobrotus,Aizoaceae,Spain,HUMAN_OBSERVATION,FR
500,1970,0,"Alytes dickhilleni Arntzen & García-París, 1995",Animalia,Alytes,Alytidae,Spain,HUMAN_OBSERVATION,NL
501,1971,2,"Alytes dickhilleni Arntzen & García-París, 1995",Animalia,Alytes,Alytidae,Spain,HUMAN_OBSERVATION,NL
502,1972,0,"Alytes dickhilleni Arntzen & García-París, 1995",Animalia,Alytes,Alytidae,Spain,HUMAN_OBSERVATION,NL
503,1973,2,"Alytes dickhilleni Arntzen & García-París, 1995",Animalia,Alytes,Alytidae,Spain,HUMAN_OBSERVATION,NL
504,1974,0,"Alytes dickhilleni Arntzen & García-París, 1995",Animalia,Alytes,Alytidae,Spain,HUMAN_OBSERVATION,NL
505,1975,10,"Alytes dickhilleni Arntzen & García-París, 1995",Animalia,Alytes,Alytidae,Spain,HUMAN_OBSERVATION,NL
506,1976,0,"Alytes dickhilleni Arntzen & García-París, 1995",Animalia,Alytes,Alytidae,Spain,HUMAN_OBSERVATION,NL
507,1977,1,"Alytes dickhilleni Arntzen & García-París, 1995",Animalia,Alytes,Alytidae,Spain,HUMAN_OBSERVATION,NL
508,1978,8,"Alytes dickhilleni Arntzen & García-París, 1995",Animalia,Alytes,Alytidae,Spain,HUMAN_OBSERVATION,NL
509,1979,4,"Alytes dickhilleni Arntzen & García-París, 1995",Animalia,Alytes,Alytidae,Spain,HUMAN_OBSERVATION,NL
510,1980,7,"Alytes dickhilleni Arntzen & García-París, 1995",Animalia,Alytes,Alytidae,Spain,HUMAN_OBSERVATION,NL
511,1981,2,"Alytes dickhilleni Arntzen & García-París, 1995",Animalia,Alytes,Alytidae,Spain,HUMAN_OBSERVATION,NL
512,1982,0,"Alytes dickhilleni Arntzen & García-París, 1995",Animalia,Alytes,Alytidae,Spain,HUMAN_OBSERVATION,NL
513,1983,0,"Alytes dickhilleni Arntzen & García-París, 1995",Animalia,Alytes,Alytidae,Spain,HUMAN_OBSERVATION,NL
514,1984,0,"Alytes dickhilleni Arntzen & García-París, 1995",Animalia,Alytes,Alytidae,Spain,HUMAN_OBSERVATION,NL
515,1985,0,"Alytes dickhilleni Arntzen & García-París, 1995",Animalia,Alytes,Alytidae,Spain,HUMAN_OBSERVATION,NL
516,1986,1,"Alytes dickhilleni Arntzen & García-París, 1995",Animalia,Alytes,Alytidae,Spain,HUMAN_OBSERVATION,NL
517,1987,0,"Alytes dickhilleni Arntzen & García-París, 1995",Animalia,Alytes,Alytidae,Spain,HUMAN_OBSERVATION,NL
518,1988,0,"Alytes dickhilleni Arntzen & García-París, 1995",Animalia,Alytes,Alytidae,Spain,HUMAN_OBSERVATION,NL
519,1989,9,"Alytes dickhilleni Arntzen & García-París, 1995",Animalia,Alytes,Alytidae,Spain,HUMAN_OBSERVATION,NL
520,1990,23,"Alytes dickhilleni Arntzen & García-París, 1995",Animalia,Alytes,Alytidae,Spain,HUMAN_OBSERVATION,NL
521,1991,9,"Alytes dickhilleni Arntzen & García-París, 1995",Animalia,Alytes,Alytidae,Spain,HUMAN_OBSERVATION,NL
522,1992,8,"Alytes dickhilleni Arntzen & García-París, 1995",Animalia,Alytes,Alytidae,Spain,HUMAN_OBSERVATION,NL
523,1993,1,"Alytes dickhilleni Arntzen & García-París, 1995",Animalia,Alytes,Alytidae,Spain,HUMAN_OBSERVATION,NL
524,1994,0,"Alytes dickhilleni Arntzen & García-París, 1995",Animalia,Alytes,Alytidae,Spain,HUMAN_OBSERVATION,NL
525,1995,0,"Alytes dickhilleni Arntzen & García-París, 1995",Animalia,Alytes,Alytidae,Spain,HUMAN_OBSERVATION,NL
526,1996,5,"Alytes dickhilleni Arntzen & García-París, 1995",Animalia,Alytes,Alytidae,Spain,HUMAN_OBSERVATION,NL
527,1997,8,"Alytes dickhilleni Arntzen & García-París, 1995",Animalia,Alytes,Alytidae,Spain,HUMAN_OBSERVATION,NL
528,1998,0,"Alytes dickhilleni Arntzen & García-París, 1995",Animalia,Alytes,Alytidae,Spain,HUMAN_OBSERVATION,NL
529,1999,0,"Alytes dickhilleni Arntzen & García-París, 1995",Animalia,Alytes,Alytidae,Spain,HUMAN_OBSERVATION,NL
530,2000,3,"Alytes dickhilleni Arntzen & García-París, 1995",Animalia,Alytes,Alytidae,Spain,HUMAN_OBSERVATION,NL
531,2001,0,"Alytes dickhilleni Arntzen & García-París, 1995",Animalia,Alytes,Alytidae,Spain,HUMAN_OBSERVATION,NL
532,2002,0,"Alytes dickhilleni Arntzen & García-París, 1995",Animalia,Alytes,Alytidae,Spain,HUMAN_OBSERVATION,NL
533,2003,0,"Alytes dickhilleni Arntzen & García-París, 1995",Animalia,Alytes,Alytidae,Spain,HUMAN_OBSERVATION,NL
534,2004,0,"Alytes dickhilleni Arntzen & García-París, 1995",Animalia,Alytes,Alytidae,Spain,HUMAN_OBSERVATION,NL
535,2005,0,"Alytes dickhilleni Arntzen & García-París, 1995",Animalia,Alytes,Alytidae,Spain,HUMAN_OBSERVATION,NL
536,2006,133,"Alytes dickhilleni Arntzen & García-París, 1995",Animalia,Alytes,Alytidae,Spain,HUMAN_OBSERVATION,NL
537,2007,0,"Alytes dickhilleni Arntzen & García-París, 1995",Animalia,Alytes,Alytidae,Spain,HUMAN_OBSERVATION,NL
538,2008,0,"Alytes dickhilleni Arntzen & García-París, 1995",Animalia,Alytes,Alytidae,Spain,HUMAN_OBSERVATION,NL
539,2009,0,"Alytes dickhilleni Arntzen & García-París, 1995",Animalia,Alytes,Alytidae,Spain,HUMAN_OBSERVATION,NL
540,2010,0,"Alytes dickhilleni Arntzen & García-París, 1995",Animalia,Alytes,Alytidae,Spain,HUMAN_OBSERVATION,NL
541,2011,0,"Alytes dickhilleni Arntzen & García-París, 1995",Animalia,Alytes,Alytidae,Spain,HUMAN_OBSERVATION,NL
542,2012,0,"Alytes dickhilleni Arntzen & García-París, 1995",Animalia,Alytes,Alytidae,Spain,HUMAN_OBSERVATION,NL
543,2013,1,"Alytes dickhilleni Arntzen & García-París, 1995",Animalia,Alytes,Alytidae,Spain,HUMAN_OBSERVATION,NL
544,2014,2,"Alytes dickhilleni Arntzen & García-París, 1995",Animalia,Alytes,Alytidae,Spain,HUMAN_OBSERVATION,NL
545,2015,0,"Alytes dickhilleni Arntzen & García-París, 1995",Animalia,Alytes,Alytidae,Spain,HUMAN_OBSERVATION,NL
546,2016,1,"Alytes dickhilleni Arntzen & García-París, 1995",Animalia,Alytes,Alytidae,Spain,HUMAN_OBSERVATION,NL
547,2017,9,"Alytes dickhilleni Arntzen & García-París, 1995",Animalia,Alytes,Alytidae,Spain,HUMAN_OBSERVATION,NL
548,2018,1,"Alytes dickhilleni Arntzen & García-París, 1995",Animalia,Alytes,Alytidae,Spain,HUMAN_OBSERVATION,NL
549,2019,6,"Alytes dickhilleni Arntzen & García-París, 1995",Animalia,Alytes,Alytidae,Spain,HUMAN_OBSERVATION,NL
550,1970,10,"Parnassius apollo (Linnaeus, 1758)",Animalia,Parnassius,Papilionidae,Spain,HUMAN_OBSERVATION,ES
551,1971,5,"Parnassius apollo (Linnaeus, 1758)",Animalia,Parnassius,Papilionidae,Spain,HUMAN_OBSERVATION,ES
552,1972,28,"Parnassius apollo (Linnaeus, 1758)",Animalia,Parnassius,Papilionidae,Spain,HUMAN_OBSERVATION,ES
553,1973,11,"Parnassius apollo (Linnaeus, 1758)",Animalia,Parnassius,Papilionidae,Spain,HUMAN_OBSERVATION,ES
554,1974,27,"Parnassius apollo (Linnaeus, 1758)",Animalia,Parnassius,Papilionidae,Spain,HUMAN_OBSERVATION,ES
555,1975,24,"Parnassius apollo (Linnaeus, 1758)",Animalia,Parnassius,Papilionidae,Spain,HUMAN_OBSERVATION,ES
556,1976,11,"Parnassius apollo (Linnaeus, 1758)",Animalia,Parnassius,Papilionidae,Spain,HUMAN_OBSERVATION,ES
557,1977,6,"Parnassius apollo (Linnaeus, 1758)",Animalia,Parnassius,Papilionidae,Spain,HUMAN_OBSERVATION,ES
558,1978,35,"Parnassius apollo (Linnaeus, 1758)",Animalia,Parnassius,Papilionidae,Spain,HUMAN_OBSERVATION,ES
559,1979,17,"Parnassius apollo (Linnaeus, 1758)",Animalia,Parnassius,Papilionidae,Spain,HUMAN_OBSERVATION,ES
560,1980,47,"Parnassius apollo (Linnaeus, 1758)",Animalia,Parnassius,Papilionidae,Spain,HUMAN_OBSERVATION,ES
561,1981,13,"Parnassius apollo (Linnaeus, 1758)",Animalia,Parnassius,Papilionidae,Spain,HUMAN_OBSERVATION,ES
562,1982,45,"Parnassius apollo (Linnaeus, 1758)",Animalia,Parnassius,Papilionidae,Spain,HUMAN_OBSERVATION,ES
563,1983,10,"Parnassius apollo (Linnaeus, 1758)",Animalia,Parnassius,Papilionidae,Spain,HUMAN_OBSERVATION,ES
564,1984,10,"Parnassius apollo (Linnaeus, 1758)",Animalia,Parnassius,Papilionidae,Spain,HUMAN_OBSERVATION,ES
565,1985,14,"Parnassius apollo (Linnaeus, 1758)",Animalia,Parnassius,Papilionidae,Spain,HUMAN_OBSERVATION,ES
566,1986,16,"Parnassius apollo (Linnaeus, 1758)",Animalia,Parnassius,Papilionidae,Spain,HUMAN_OBSERVATION,ES
567,1987,39,"Parnassius apollo (Linnaeus, 1758)",Animalia,Parnassius,Papilionidae,Spain,HUMAN_OBSERVATION,ES
568,1988,16,"Parnassius apollo (Linnaeus, 1758)",Animalia,Parnassius,Papilionidae,Spain,HUMAN_OBSERVATION,ES
569,1989,14,"Parnassius apollo (Linnaeus, 1758)",Animalia,Parnassius,Papilionidae,Spain,HUMAN_OBSERVATION,ES
570,1990,7,"Parnassius apollo (Linnaeus, 1758)",Animalia,Parnassius,Papilionidae,Spain,HUMAN_OBSERVATION,ES
571,1991,11,"Parnassius apollo (Linnaeus, 1758)",Animalia,Parnassius,Papilionidae,Spain,HUMAN_OBSERVATION,ES
572,1992,11,"Parnassius apollo (Linnaeus, 1758)",Animalia,Parnassius,Papilionidae,Spain,HUMAN_OBSERVATION,ES
573,1993,7,"Parnassius apollo (Linnaeus, 1758)",Animalia,Parnassius,Papilionidae,Spain,HUMAN_OBSERVATION,ES
574,1994,9,"Parnassius apollo (Linnaeus, 1758)",Animalia,Parnassius,Papilionidae,Spain,HUMAN_OBSERVATION,ES
575,1995,7,"Parnassius apollo (Linnaeus, 1758)",Animalia,Parnassius,Papilionidae,Spain,HUMAN_OBSERVATION,ES
576,1996,16,"Parnassius apollo (Linnaeus, 1758)",Animalia,Parnassius,Papilionidae,Spain,HUMAN_OBSERVATION,ES
577,1997,5,"Parnassius apollo (Linnaeus, 1758)",Animalia,Parnassius,Papilionidae,Spain,HUMAN_OBSERVATION,ES
578,1998,1,"Parnassius apollo (Linnaeus, 1758)",Animalia,Parnassius,Papilionidae,Spain,HUMAN_OBSERVATION,ES
579,1999,3,"Parnassius apollo (Linnaeus, 1758)",Animalia,Parnassius,Papilionidae,Spain,HUMAN_OBSERVATION,ES
580,2000,0,"Parnassius apollo (Linnaeus, 1758)",Animalia,Parnassius,Papilionidae,Spain,HUMAN_OBSERVATION,ES
581,2001,11,"Parnassius apollo (Linnaeus, 1758)",Animalia,Parnassius,Papilionidae,Spain,HUMAN_OBSERVATION,ES
582,2002,13,"Parnassius apollo (Linnaeus, 1758)",Animalia,Parnassius,Papilionidae,Spain,HUMAN_OBSERVATION,ES
583,2003,7,"Parnassius apollo (Linnaeus, 1758)",Animalia,Parnassius,Papilionidae,Spain,HUMAN_OBSERVATION,ES
584,2004,3,"Parnassius apollo (Linnaeus, 1758)",Animalia,Parnassius,Papilionidae,Spain,HUMAN_OBSERVATION,ES
585,2005,21,"Parnassius apollo (Linnaeus, 1758)",Animalia,Parnassius,Papilionidae,Spain,HUMAN_OBSERVATION,ES
586,2006,23,"Parnassius apollo (Linnaeus, 1758)",Animalia,Parnassius,Papilionidae,Spain,HUMAN_OBSERVATION,ES
587,2007,18,"Parnassius apollo (Linnaeus, 1758)",Animalia,Parnassius,Papilionidae,Spain,HUMAN_OBSERVATION,ES
588,2008,50,"Parnassius apollo (Linnaeus, 1758)",Animalia,Parnassius,Papilionidae,Spain,HUMAN_OBSERVATION,ES
589,2009,65,"Parnassius apollo (Linnaeus, 1758)",Animalia,Parnassius,Papilionidae,Spain,HUMAN_OBSERVATION,ES
590,2010,62,"Parnassius apollo (Linnaeus, 1758)",Animalia,Parnassius,Papilionidae,Spain,HUMAN_OBSERVATION,ES
591,2011,123,"Parnassius apollo (Linnaeus, 1758)",Animalia,Parnassius,Papilionidae,Spain,HUMAN_OBSERVATION,ES
592,2012,172,"Parnassius apollo (Linnaeus, 1758)",Animalia,Parnassius,Papilionidae,Spain,HUMAN_OBSERVATION,ES
593,2013,135,"Parnassius apollo (Linnaeus, 1758)",Animalia,Parnassius,Papilionidae,Spain,HUMAN_OBSERVATION,ES
594,2014,272,"Parnassius apollo (Linnaeus, 1758)",Animalia,Parnassius,Papilionidae,Spain,HUMAN_OBSERVATION,ES
595,2015,116,"Parnassius apollo (Linnaeus, 1758)",Animalia,Parnassius,Papilionidae,Spain,HUMAN_OBSERVATION,ES
596,2016,288,"Parnassius apollo (Linnaeus, 1758)",Animalia,Parnassius,Papilionidae,Spain,HUMAN_OBSERVATION,ES
597,2017,99,"Parnassius apollo (Linnaeus, 1758)",Animalia,Parnassius,Papilionidae,Spain,HUMAN_OBSERVATION,ES
598,2018,120,"Parnassius apollo (Linnaeus, 1758)",Animalia,Parnassius,Papilionidae,Spain,HUMAN_OBSERVATION,ES
599,2019,85,"Parnassius apollo (Linnaeus, 1758)",Animalia,Parnassius,Papilionidae,Spain,HUMAN_OBSERVATION,ES
600,1970,0,"Melitaea cinxia (Linnaeus, 1758)",Animalia,Melitaea,Nymphalidae,Spain,HUMAN_OBSERVATION,ES
601,1971,0,"Melitaea cinxia (Linnaeus, 1758)",Animalia,Melitaea,Nymphalidae,Spain,HUMAN_OBSERVATION,ES
602,1972,0,"Melitaea cinxia (Linnaeus, 1758)",Animalia,Melitaea,Nymphalidae,Spain,HUMAN_OBSERVATION,ES
603,1973,0,"Melitaea cinxia (Linnaeus, 1758)",Animalia,Melitaea,Nymphalidae,Spain,HUMAN_OBSERVATION,ES
604,1974,2,"Melitaea cinxia (Linnaeus, 1758)",Animalia,Melitaea,Nymphalidae,Spain,HUMAN_OBSERVATION,ES
605,1975,0,"Melitaea cinxia (Linnaeus, 1758)",Animalia,Melitaea,Nymphalidae,Spain,HUMAN_OBSERVATION,ES
606,1976,1,"Melitaea cinxia (Linnaeus, 1758)",Animalia,Melitaea,Nymphalidae,Spain,HUMAN_OBSERVATION,ES
607,1977,12,"Melitaea cinxia (Linnaeus, 1758)",Animalia,Melitaea,Nymphalidae,Spain,HUMAN_OBSERVATION,ES
608,1978,1,"Melitaea cinxia (Linnaeus, 1758)",Animalia,Melitaea,Nymphalidae,Spain,HUMAN_OBSERVATION,ES
609,1979,7,"Melitaea cinxia (Linnaeus, 1758)",Animalia,Melitaea,Nymphalidae,Spain,HUMAN_OBSERVATION,ES
610,1980,6,"Melitaea cinxia (Linnaeus, 1758)",Animalia,Melitaea,Nymphalidae,Spain,HUMAN_OBSERVATION,ES
611,1981,2,"Melitaea cinxia (Linnaeus, 1758)",Animalia,Melitaea,Nymphalidae,Spain,HUMAN_OBSERVATION,ES
612,1982,8,"Melitaea cinxia (Linnaeus, 1758)",Animalia,Melitaea,Nymphalidae,Spain,HUMAN_OBSERVATION,ES
613,1983,4,"Melitaea cinxia (Linnaeus, 1758)",Animalia,Melitaea,Nymphalidae,Spain,HUMAN_OBSERVATION,ES
614,1984,0,"Melitaea cinxia (Linnaeus, 1758)",Animalia,Melitaea,Nymphalidae,Spain,HUMAN_OBSERVATION,ES
615,1985,0,"Melitaea cinxia (Linnaeus, 1758)",Animalia,Melitaea,Nymphalidae,Spain,HUMAN_OBSERVATION,ES
616,1986,5,"Melitaea cinxia (Linnaeus, 1758)",Animalia,Melitaea,Nymphalidae,Spain,HUMAN_OBSERVATION,ES
617,1987,7,"Melitaea cinxia (Linnaeus, 1758)",Animalia,Melitaea,Nymphalidae,Spain,HUMAN_OBSERVATION,ES
618,1988,11,"Melitaea cinxia (Linnaeus, 1758)",Animalia,Melitaea,Nymphalidae,Spain,HUMAN_OBSERVATION,ES
619,1989,3,"Melitaea cinxia (Linnaeus, 1758)",Animalia,Melitaea,Nymphalidae,Spain,HUMAN_OBSERVATION,ES
620,1990,1,"Melitaea cinxia (Linnaeus, 1758)",Animalia,Melitaea,Nymphalidae,Spain,HUMAN_OBSERVATION,ES
621,1991,1,"Melitaea cinxia (Linnaeus, 1758)",Animalia,Melitaea,Nymphalidae,Spain,HUMAN_OBSERVATION,ES
622,1992,3,"Melitaea cinxia (Linnaeus, 1758)",Animalia,Melitaea,Nymphalidae,Spain,HUMAN_OBSERVATION,ES
623,1993,1,"Melitaea cinxia (Linnaeus, 1758)",Animalia,Melitaea,Nymphalidae,Spain,HUMAN_OBSERVATION,ES
624,1994,1,"Melitaea cinxia (Linnaeus, 1758)",Animalia,Melitaea,Nymphalidae,Spain,HUMAN_OBSERVATION,ES
625,1995,0,"Melitaea cinxia (Linnaeus, 1758)",Animalia,Melitaea,Nymphalidae,Spain,HUMAN_OBSERVATION,ES
626,1996,0,"Melitaea cinxia (Linnaeus, 1758)",Animalia,Melitaea,Nymphalidae,Spain,HUMAN_OBSERVATION,ES
627,1997,4,"Melitaea cinxia (Linnaeus, 1758)",Animalia,Melitaea,Nymphalidae,Spain,HUMAN_OBSERVATION,ES
628,1998,4,"Melitaea cinxia (Linnaeus, 1758)",Animalia,Melitaea,Nymphalidae,Spain,HUMAN_OBSERVATION,ES
629,1999,3,"Melitaea cinxia (Linnaeus, 1758)",Animalia,Melitaea,Nymphalidae,Spain,HUMAN_OBSERVATION,ES
630,2000,0,"Melitaea cinxia (Linnaeus, 1758)",Animalia,Melitaea,Nymphalidae,Spain,HUMAN_OBSERVATION,ES
631,2001,4,"Melitaea cinxia (Linnaeus, 1758)",Animalia,Melitaea,Nymphalidae,Spain,HUMAN_OBSERVATION,ES
632,2002,0,"Melitaea cinxia (Linnaeus, 1758)",Animalia,Melitaea,Nymphalidae,Spain,HUMAN_OBSERVATION,ES
633,2003,0,"Melitaea cinxia (Linnaeus, 1758)",Animalia,Melitaea,Nymphalidae,Spain,HUMAN_OBSERVATION,ES
634,2004,5,"Melitaea cinxia (Linnaeus, 1758)",Animalia,Melitaea,Nymphalidae,Spain,HUMAN_OBSERVATION,ES
635,2005,13,"Melitaea cinxia (Linnaeus, 1758)",Animalia,Melitaea,Nymphalidae,Spain,HUMAN_OBSERVATION,ES
636,2006,22,"Melitaea cinxia (Linnaeus, 1758)",Animalia,Melitaea,Nymphalidae,Spain,HUMAN_OBSERVATION,ES
637,2007,23,"Melitaea cinxia (Linnaeus, 1758)",Animalia,Melitaea,Nymphalidae,Spain,HUMAN_OBSERVATION,ES
638,2008,55,"Melitaea cinxia (Linnaeus, 1758)",Animalia,Melitaea,Nymphalidae,Spain,HUMAN_OBSERVATION,ES
639,2009,46,"Melitaea cinxia (Linnaeus, 1758)",Animalia,Melitaea,Nymphalidae,Spain,HUMAN_OBSERVATION,ES
640,2010,93,"Melitaea cinxia (Linnaeus, 1758)",Animalia,Melitaea,Nymphalidae,Spain,HUMAN_OBSERVATION,ES
641,2011,122,"Melitaea cinxia (Linnaeus, 1758)",Animalia,Melitaea,Nymphalidae,Spain,HUMAN_OBSERVATION,ES
642,2012,48,"Melitaea cinxia (Linnaeus, 1758)",Animalia,Melitaea,Nymphalidae,Spain,HUMAN_OBSERVATION,ES
643,2013,35,"Melitaea cinxia (Linnaeus, 1758)",Animalia,Melitaea,Nymphalidae,Spain,HUMAN_OBSERVATION,ES
644,2014,72,"Melitaea cinxia (Linnaeus, 1758)",Animalia,Melitaea,Nymphalidae,Spain,HUMAN_OBSERVATION,ES
645,2015,117,"Melitaea cinxia (Linnaeus, 1758)",Animalia,Melitaea,Nymphalidae,Spain,HUMAN_OBSERVATION,ES
646,2016,81,"Melitaea cinxia (Linnaeus, 1758)",Animalia,Melitaea,Nymphalidae,Spain,HUMAN_OBSERVATION,ES
647,2017,170,"Melitaea cinxia (Linnaeus, 1758)",Animalia,Melitaea,Nymphalidae,Spain,HUMAN_OBSERVATION,ES
648,2018,162,"Melitaea cinxia (Linnaeus, 1758)",Animalia,Melitaea,Nymphalidae,Spain,HUMAN_OBSERVATION,ES
649,2019,94,"Melitaea cinxia (Linnaeus, 1758)",Animalia,Melitaea,Nymphalidae,Spain,HUMAN_OBSERVATION,ES
650,1970,9,Sonchus tenerrimus L.,Plantae,Sonchus,Asteraceae,Spain,HUMAN_OBSERVATION,US
651,1971,11,Sonchus tenerrimus L.,Plantae,Sonchus,Asteraceae,Spain,HUMAN_OBSERVATION,US
652,1972,7,Sonchus tenerrimus L.,Plantae,Sonchus,Asteraceae,Spain,HUMAN_OBSERVATION,US
653,1973,4,Sonchus tenerrimus L.,Plantae,Sonchus,Asteraceae,Spain,HUMAN_OBSERVATION,US
654,1974,3,Sonchus tenerrimus L.,Plantae,Sonchus,Asteraceae,Spain,HUMAN_OBSERVATION,US
655,1975,9,Sonchus tenerrimus L.,Plantae,Sonchus,Asteraceae,Spain,HUMAN_OBSERVATION,US
656,1976,6,Sonchus tenerrimus L.,Plantae,Sonchus,Asteraceae,Spain,HUMAN_OBSERVATION,US
657,1977,4,Sonchus tenerrimus L.,Plantae,Sonchus,Asteraceae,Spain,HUMAN_OBSERVATION,US
658,1978,8,Sonchus tenerrimus L.,Plantae,Sonchus,Asteraceae,Spain,HUMAN_OBSERVATION,US
659,1979,13,Sonchus tenerrimus L.,Plantae,Sonchus,Asteraceae,Spain,HUMAN_OBSERVATION,US
660,1980,28,Sonchus tenerrimus L.,Plantae,Sonchus,Asteraceae,Spain,HUMAN_OBSERVATION,US
661,1981,15,Sonchus tenerrimus L.,Plantae,Sonchus,Asteraceae,Spain,HUMAN_OBSERVATION,US
662,1982,25,Sonchus tenerrimus L.,Plantae,Sonchus,Asteraceae,Spain,HUMAN_OBSERVATION,US
663,1983,94,Sonchus tenerrimus L.,Plantae,Sonchus,Asteraceae,Spain,HUMAN_OBSERVATION,US
664,1984,18,Sonchus tenerrimus L.,Plantae,Sonchus,Asteraceae,Spain,HUMAN_OBSERVATION,US
665,1985,91,Sonchus tenerrimus L.,Plantae,Sonchus,Asteraceae,Spain,HUMAN_OBSERVATION,US
666,1986,52,Sonchus tenerrimus L.,Plantae,Sonchus,Asteraceae,Spain,HUMAN_OBSERVATION,US
667,1987,22,Sonchus tenerrimus L.,Plantae,Sonchus,Asteraceae,Spain,HUMAN_OBSERVATION,US
668,1988,34,Sonchus tenerrimus L.,Plantae,Sonchus,Asteraceae,Spain,HUMAN_OBSERVATION,US
669,1989,99,Sonchus tenerrimus L.,Plantae,Sonchus,Asteraceae,Spain,HUMAN_OBSERVATION,US
670,1990,26,Sonchus tenerrimus L.,Plantae,Sonchus,Asteraceae,Spain,HUMAN_OBSERVATION,US
671,1991,34,Sonchus tenerrimus L.,Plantae,Sonchus,Asteraceae,Spain,HUMAN_OBSERVATION,US
672,1992,46,Sonchus tenerrimus L.,Plantae,Sonchus,Asteraceae,Spain,HUMAN_OBSERVATION,US
673,1993,56,Sonchus tenerrimus L.,Plantae,Sonchus,Asteraceae,Spain,HUMAN_OBSERVATION,US
674,1994,102,Sonchus tenerrimus L.,Plantae,Sonchus,Asteraceae,Spain,HUMAN_OBSERVATION,US
675,1995,119,Sonchus tenerrimus L.,Plantae,Sonchus,Asteraceae,Spain,HUMAN_OBSERVATION,US
676,1996,200,Sonchus tenerrimus L.,Plantae,Sonchus,Asteraceae,Spain,HUMAN_OBSERVATION,US
677,1997,289,Sonchus tenerrimus L.,Plantae,Sonchus,Asteraceae,Spain,HUMAN_OBSERVATION,US
678,1998,58,Sonchus tenerrimus L.,Plantae,Sonchus,Asteraceae,Spain,HUMAN_OBSERVATION,US
679,1999,56,Sonchus tenerrimus L.,Plantae,Sonchus,Asteraceae,Spain,HUMAN_OBSERVATION,US
680,2000,64,Sonchus tenerrimus L.,Plantae,Sonchus,Asteraceae,Spain,HUMAN_OBSERVATION,US
681,2001,183,Sonchus tenerrimus L.,Plantae,Sonchus,Asteraceae,Spain,HUMAN_OBSERVATION,US
682,2002,283,Sonchus tenerrimus L.,Plantae,Sonchus,Asteraceae,Spain,HUMAN_OBSERVATION,US
683,2003,190,Sonchus tenerrimus L.,Plantae,Sonchus,Asteraceae,Spain,HUMAN_OBSERVATION,US
684,2004,156,Sonchus tenerrimus L.,Plantae,Sonchus,Asteraceae,Spain,HUMAN_OBSERVATION,US
685,2005,180,Sonchus tenerrimus L.,Plantae,Sonchus,Asteraceae,Spain,HUMAN_OBSERVATION,US
686,2006,243,Sonchus tenerrimus L.,Plantae,Sonchus,Asteraceae,Spain,HUMAN_OBSERVATION,US
687,2007,309,Sonchus tenerrimus L.,Plantae,Sonchus,Asteraceae,Spain,HUMAN_OBSERVATION,US
688,2008,272,Sonchus tenerrimus L.,Plantae,Sonchus,Asteraceae,Spain,HUMAN_OBSERVATION,US
689,2009,398,Sonchus tenerrimus L.,Plantae,Sonchus,Asteraceae,Spain,HUMAN_OBSERVATION,US
690,2010,762,Sonchus tenerrimus L.,Plantae,Sonchus,Asteraceae,Spain,HUMAN_OBSERVATION,US
691,2011,867,Sonchus tenerrimus L.,Plantae,Sonchus,Asteraceae,Spain,HUMAN_OBSERVATION,US
692,2012,777,Sonchus tenerrimus L.,Plantae,Sonchus,Asteraceae,Spain,HUMAN_OBSERVATION,US
693,2013,637,Sonchus tenerrimus L.,Plantae,Sonchus,Asteraceae,Spain,HUMAN_OBSERVATION,US
694,2014,466,Sonchus tenerrimus L.,Plantae,Sonchus,Asteraceae,Spain,HUMAN_OBSERVATION,US
695,2015,143,Sonchus tenerrimus L.,Plantae,Sonchus,Asteraceae,Spain,HUMAN_OBSERVATION,US
696,2016,137,Sonchus tenerrimus L.,Plantae,Sonchus,Asteraceae,Spain,HUMAN_OBSERVATION,US
697,2017,50,Sonchus tenerrimus L.,Plantae,Sonchus,Asteraceae,Spain,HUMAN_OBSERVATION,US
698,2018,95,Sonchus tenerrimus L.,Plantae,Sonchus,Asteraceae,Spain,HUMAN_OBSERVATION,US
699,2019,166,Sonchus tenerrimus L.,Plantae,Sonchus,Asteraceae,Spain,HUMAN_OBSERVATION,US
